-- Статусы дружбы
INSERT INTO friendship_statuses(name) VALUES
  ('Requested'),
  ('Confirmed'),
  ('Rejected');
 

-- Список жанров
 INSERT INTO genres_list(name) VALUES 
   ('Городское фэнтези '),
   ('Современные детективы'),
   ('Сказки '),
   ('Классическая проза '),
   ('Экономика '),
   ('Менеджмент'),
   ('Зарубежная фантастика'),
   ('Биографии и мемуары '),
   ('Публицистика '),
   ('Мистика ');
  
-- Статусы
INSERT INTO statuses(name) VALUES 
  ('Хочу прочитать'),
  ('Прочитал'),
  ('Читаю сейчас'),
  ('Не дочитал');
 
-- Языки 
INSERT INTO languages(name) VALUES 
  ('Китайский'),
  ('Английский'),
  ('Испанский'),
  ('Португальский'),
  ('Русский'),
  ('Японский'),
  ('Немецкий'),
  ('Корейский'),
  ('Французский');
 
 
-- Пользователи
INSERT INTO `users` (`id`, `username`, `first_name`, `last_name`, `email`, `phone`, `created_at`, `updated_at`) VALUES (1, 'considine.jeremy', 'Loy', 'Smitham', 'haag.libbie@example.com', '006-438-5584', '2021-01-08 07:54:17', '2020-06-03 10:52:26');
INSERT INTO `users` (`id`, `username`, `first_name`, `last_name`, `email`, `phone`, `created_at`, `updated_at`) VALUES (2, 'dianna30', 'Alberto', 'Stehr', 'egleichner@example.net', '566.324.7303x5361', '2020-05-02 07:08:39', '2020-06-27 15:25:05');
INSERT INTO `users` (`id`, `username`, `first_name`, `last_name`, `email`, `phone`, `created_at`, `updated_at`) VALUES (3, 'enola58', 'Sabrina', 'Lang', 'jkessler@example.net', '(630)124-4128', '2020-03-26 02:17:54', '2020-08-17 02:45:48');
INSERT INTO `users` (`id`, `username`, `first_name`, `last_name`, `email`, `phone`, `created_at`, `updated_at`) VALUES (4, 'phahn', 'Mireya', 'Ritchie', 'jerrold.brekke@example.com', '1-851-374-6424x23491', '2020-04-03 23:24:27', '2020-12-28 00:13:43');
INSERT INTO `users` (`id`, `username`, `first_name`, `last_name`, `email`, `phone`, `created_at`, `updated_at`) VALUES (5, 'ryan.litzy', 'Nelda', 'Brekke', 'kiana38@example.com', '442.062.7983', '2020-12-16 00:04:47', '2020-11-07 11:09:24');
INSERT INTO `users` (`id`, `username`, `first_name`, `last_name`, `email`, `phone`, `created_at`, `updated_at`) VALUES (6, 'albert49', 'Geraldine', 'Hodkiewicz', 'qzulauf@example.org', '(778)628-4649x2403', '2020-10-18 15:29:24', '2021-02-06 12:18:22');
INSERT INTO `users` (`id`, `username`, `first_name`, `last_name`, `email`, `phone`, `created_at`, `updated_at`) VALUES (7, 'devin.hodkiewicz', 'Taylor', 'Purdy', 'usauer@example.net', '(773)942-9458', '2020-11-10 10:32:44', '2020-08-02 12:47:56');
INSERT INTO `users` (`id`, `username`, `first_name`, `last_name`, `email`, `phone`, `created_at`, `updated_at`) VALUES (8, 'jessy35', 'Ewell', 'Volkman', 'nicola33@example.net', '1-348-704-2243', '2020-12-15 23:55:08', '2020-12-30 00:06:24');
INSERT INTO `users` (`id`, `username`, `first_name`, `last_name`, `email`, `phone`, `created_at`, `updated_at`) VALUES (9, 'jammie92', 'Adela', 'Kulas', 'manley20@example.com', '482.320.3124x5919', '2020-06-21 17:10:22', '2020-12-11 23:08:52');
INSERT INTO `users` (`id`, `username`, `first_name`, `last_name`, `email`, `phone`, `created_at`, `updated_at`) VALUES (10, 'finn.grady', 'Amya', 'Brown', 'ena26@example.net', '(033)151-8346', '2021-01-23 05:14:11', '2020-09-07 21:42:02');
INSERT INTO `users` (`id`, `username`, `first_name`, `last_name`, `email`, `phone`, `created_at`, `updated_at`) VALUES (11, 'farrell.derick', 'Earnest', 'Stehr', 'pasquale47@example.org', '07389871745', '2020-10-17 15:42:23', '2020-04-06 21:39:17');
INSERT INTO `users` (`id`, `username`, `first_name`, `last_name`, `email`, `phone`, `created_at`, `updated_at`) VALUES (12, 'reynolds.ted', 'Davion', 'Smitham', 'ngreenholt@example.net', '(072)257-8256', '2020-06-19 06:41:20', '2020-04-19 19:35:58');
INSERT INTO `users` (`id`, `username`, `first_name`, `last_name`, `email`, `phone`, `created_at`, `updated_at`) VALUES (13, 'bettie13', 'Myrtle', 'Kerluke', 'hand.katheryn@example.net', '1-067-737-1676', '2021-03-03 11:46:45', '2021-01-28 10:59:53');
INSERT INTO `users` (`id`, `username`, `first_name`, `last_name`, `email`, `phone`, `created_at`, `updated_at`) VALUES (14, 'garland.leffler', 'Dixie', 'Mills', 'jairo09@example.net', '020-549-3682x38005', '2020-07-10 01:04:04', '2020-07-30 21:15:03');
INSERT INTO `users` (`id`, `username`, `first_name`, `last_name`, `email`, `phone`, `created_at`, `updated_at`) VALUES (15, 'cora44', 'Fannie', 'Schultz', 'nstanton@example.com', '00611506856', '2020-07-16 21:44:42', '2020-05-10 23:53:16');
INSERT INTO `users` (`id`, `username`, `first_name`, `last_name`, `email`, `phone`, `created_at`, `updated_at`) VALUES (16, 'josiane.crooks', 'Marques', 'Treutel', 'everardo.witting@example.net', '685-095-1951', '2020-06-20 10:46:28', '2020-07-21 06:45:43');
INSERT INTO `users` (`id`, `username`, `first_name`, `last_name`, `email`, `phone`, `created_at`, `updated_at`) VALUES (17, 'kessler.jadyn', 'Emilia', 'Wolf', 'shanahan.zachary@example.com', '1-836-003-8391', '2020-09-07 12:14:45', '2021-03-16 21:23:58');
INSERT INTO `users` (`id`, `username`, `first_name`, `last_name`, `email`, `phone`, `created_at`, `updated_at`) VALUES (18, 'earlene82', 'Gerard', 'Weissnat', 'jeffry31@example.org', '601-432-7472', '2020-06-22 04:42:05', '2020-04-05 00:55:38');
INSERT INTO `users` (`id`, `username`, `first_name`, `last_name`, `email`, `phone`, `created_at`, `updated_at`) VALUES (19, 'verner.wolf', 'Edmund', 'Hirthe', 'agustin71@example.com', '913.356.2477', '2020-05-22 08:11:59', '2021-03-03 20:20:33');
INSERT INTO `users` (`id`, `username`, `first_name`, `last_name`, `email`, `phone`, `created_at`, `updated_at`) VALUES (20, 'hyatt.tiara', 'Elyse', 'Conn', 'pfannerstill.ewald@example.net', '589-630-4865x526', '2020-10-22 15:47:21', '2020-10-13 21:58:00');
INSERT INTO `users` (`id`, `username`, `first_name`, `last_name`, `email`, `phone`, `created_at`, `updated_at`) VALUES (21, 'frederique46', 'Zora', 'Luettgen', 'wilber19@example.net', '429-463-9907x8937', '2020-10-28 05:19:42', '2021-01-23 02:25:32');
INSERT INTO `users` (`id`, `username`, `first_name`, `last_name`, `email`, `phone`, `created_at`, `updated_at`) VALUES (22, 'ova91', 'Name', 'Witting', 'romaguera.effie@example.net', '+69(4)8361787625', '2020-04-30 22:27:49', '2020-09-19 19:07:12');
INSERT INTO `users` (`id`, `username`, `first_name`, `last_name`, `email`, `phone`, `created_at`, `updated_at`) VALUES (23, 'murray.bartell', 'Cordia', 'Haag', 'wgreenfelder@example.net', '255.282.8979', '2020-07-16 21:42:47', '2020-12-26 22:25:28');
INSERT INTO `users` (`id`, `username`, `first_name`, `last_name`, `email`, `phone`, `created_at`, `updated_at`) VALUES (24, 'xkuvalis', 'Alejandra', 'Hoppe', 'crooks.buford@example.com', '002-890-0963', '2020-10-06 12:21:27', '2020-10-02 23:26:54');
INSERT INTO `users` (`id`, `username`, `first_name`, `last_name`, `email`, `phone`, `created_at`, `updated_at`) VALUES (25, 'jschimmel', 'Geo', 'Sawayn', 'wromaguera@example.com', '132.865.3558', '2021-03-17 12:55:40', '2020-06-10 05:05:29');
INSERT INTO `users` (`id`, `username`, `first_name`, `last_name`, `email`, `phone`, `created_at`, `updated_at`) VALUES (26, 'nienow.tara', 'Henri', 'Franecki', 'mike.block@example.org', '468-020-9826x445', '2020-07-01 14:00:42', '2020-12-28 08:06:47');
INSERT INTO `users` (`id`, `username`, `first_name`, `last_name`, `email`, `phone`, `created_at`, `updated_at`) VALUES (27, 'roberts.delaney', 'Kattie', 'McGlynn', 'jones.mckenna@example.net', '(275)923-2623x69776', '2020-03-28 15:27:34', '2020-10-29 00:37:28');
INSERT INTO `users` (`id`, `username`, `first_name`, `last_name`, `email`, `phone`, `created_at`, `updated_at`) VALUES (28, 'bullrich', 'Brianne', 'Stamm', 'zboyle@example.org', '(613)768-3987', '2020-05-11 10:30:47', '2021-03-09 20:14:57');
INSERT INTO `users` (`id`, `username`, `first_name`, `last_name`, `email`, `phone`, `created_at`, `updated_at`) VALUES (29, 'valentina42', 'Eldridge', 'Kuhn', 'feil.anahi@example.org', '(419)036-7038x47816', '2020-06-01 17:10:02', '2020-11-04 09:43:26');
INSERT INTO `users` (`id`, `username`, `first_name`, `last_name`, `email`, `phone`, `created_at`, `updated_at`) VALUES (30, 'o\'keefe.mariam', 'Guy', 'Stokes', 'uankunding@example.com', '182-877-6771', '2020-08-19 02:10:08', '2020-11-17 01:39:59');
INSERT INTO `users` (`id`, `username`, `first_name`, `last_name`, `email`, `phone`, `created_at`, `updated_at`) VALUES (31, 'wnikolaus', 'Allison', 'Ward', 'merlin.johnson@example.com', '(713)969-8233', '2021-03-11 19:25:05', '2020-04-03 23:44:44');
INSERT INTO `users` (`id`, `username`, `first_name`, `last_name`, `email`, `phone`, `created_at`, `updated_at`) VALUES (32, 'colleen.waelchi', 'Burnice', 'Lemke', 'jchamplin@example.org', '575.692.4550', '2020-05-23 01:46:41', '2020-03-22 17:32:04');
INSERT INTO `users` (`id`, `username`, `first_name`, `last_name`, `email`, `phone`, `created_at`, `updated_at`) VALUES (33, 'reed.reilly', 'Cleta', 'Weimann', 'laila.christiansen@example.org', '1-589-993-8419', '2021-02-06 15:22:07', '2020-07-31 11:25:13');
INSERT INTO `users` (`id`, `username`, `first_name`, `last_name`, `email`, `phone`, `created_at`, `updated_at`) VALUES (34, 'kennith.batz', 'Karlee', 'Collins', 'daugherty.jaden@example.com', '779-120-2430x02132', '2020-09-20 01:17:56', '2021-01-27 13:20:31');
INSERT INTO `users` (`id`, `username`, `first_name`, `last_name`, `email`, `phone`, `created_at`, `updated_at`) VALUES (35, 'wanda.jacobson', 'Skylar', 'Nikolaus', 'jledner@example.net', '(167)249-4730', '2020-10-15 01:03:40', '2020-04-03 13:00:24');
INSERT INTO `users` (`id`, `username`, `first_name`, `last_name`, `email`, `phone`, `created_at`, `updated_at`) VALUES (36, 'connelly.bertram', 'Paula', 'Reynolds', 'maci60@example.org', '1-579-362-0998', '2020-10-19 04:57:14', '2020-08-23 10:55:04');
INSERT INTO `users` (`id`, `username`, `first_name`, `last_name`, `email`, `phone`, `created_at`, `updated_at`) VALUES (37, 'sonya.leuschke', 'Lori', 'Mraz', 'vjenkins@example.com', '06006157865', '2021-02-11 17:21:24', '2020-08-13 22:51:11');
INSERT INTO `users` (`id`, `username`, `first_name`, `last_name`, `email`, `phone`, `created_at`, `updated_at`) VALUES (38, 'genoveva.mayer', 'Jaden', 'Rogahn', 'nolan12@example.net', '+72(4)5512395712', '2020-07-04 18:44:45', '2020-08-25 11:40:34');
INSERT INTO `users` (`id`, `username`, `first_name`, `last_name`, `email`, `phone`, `created_at`, `updated_at`) VALUES (39, 'sherwood54', 'Fred', 'Dickinson', 'bogan.marlene@example.com', '018.779.4042', '2020-08-29 12:27:06', '2020-12-07 13:35:18');
INSERT INTO `users` (`id`, `username`, `first_name`, `last_name`, `email`, `phone`, `created_at`, `updated_at`) VALUES (40, 'pbreitenberg', 'Raleigh', 'Zieme', 'hoeger.sadie@example.org', '754.831.2609', '2021-02-27 05:56:54', '2020-09-05 11:11:16');
INSERT INTO `users` (`id`, `username`, `first_name`, `last_name`, `email`, `phone`, `created_at`, `updated_at`) VALUES (41, 'mertz.dorothea', 'Cordie', 'Wuckert', 'name30@example.com', '(999)656-2989x8000', '2020-07-30 15:36:19', '2020-03-21 22:05:04');
INSERT INTO `users` (`id`, `username`, `first_name`, `last_name`, `email`, `phone`, `created_at`, `updated_at`) VALUES (42, 'garmstrong', 'Marisol', 'Eichmann', 'erik34@example.com', '436.963.9159', '2020-12-23 22:13:01', '2020-08-29 14:35:52');
INSERT INTO `users` (`id`, `username`, `first_name`, `last_name`, `email`, `phone`, `created_at`, `updated_at`) VALUES (43, 'murazik.bernard', 'Bobbie', 'Lesch', 'elsa71@example.com', '238-632-6142x487', '2020-08-27 04:13:50', '2020-08-19 12:45:26');
INSERT INTO `users` (`id`, `username`, `first_name`, `last_name`, `email`, `phone`, `created_at`, `updated_at`) VALUES (44, 'stoltenberg.keon', 'Ayden', 'Parker', 'vbotsford@example.net', '260.359.8591x92383', '2020-10-19 18:13:50', '2021-01-06 17:26:49');
INSERT INTO `users` (`id`, `username`, `first_name`, `last_name`, `email`, `phone`, `created_at`, `updated_at`) VALUES (45, 'xbrekke', 'Max', 'Rice', 'nat.rice@example.com', '1-704-386-1663', '2020-12-20 10:44:04', '2020-07-18 21:26:28');
INSERT INTO `users` (`id`, `username`, `first_name`, `last_name`, `email`, `phone`, `created_at`, `updated_at`) VALUES (46, 'mherzog', 'Landen', 'Carter', 'jocelyn39@example.com', '461.135.1749x03308', '2021-01-15 14:05:52', '2020-07-19 06:57:42');
INSERT INTO `users` (`id`, `username`, `first_name`, `last_name`, `email`, `phone`, `created_at`, `updated_at`) VALUES (47, 'bebert', 'Patsy', 'Haley', 'loyce92@example.org', '+34(1)2508287885', '2020-04-21 03:05:33', '2021-01-24 21:54:51');
INSERT INTO `users` (`id`, `username`, `first_name`, `last_name`, `email`, `phone`, `created_at`, `updated_at`) VALUES (48, 'elittle', 'Filomena', 'Kautzer', 'brooke.macejkovic@example.com', '652-038-6483x020', '2020-08-01 04:47:58', '2020-05-03 11:37:18');
INSERT INTO `users` (`id`, `username`, `first_name`, `last_name`, `email`, `phone`, `created_at`, `updated_at`) VALUES (49, 'yeffertz', 'Kiana', 'Hamill', 'marina.moen@example.com', '02159821234', '2020-05-06 04:08:18', '2021-03-10 11:57:51');
INSERT INTO `users` (`id`, `username`, `first_name`, `last_name`, `email`, `phone`, `created_at`, `updated_at`) VALUES (50, 'nkling', 'Pamela', 'Jenkins', 'ifunk@example.com', '222.797.6871x0599', '2020-05-08 11:29:29', '2021-01-31 07:56:47');
INSERT INTO `users` (`id`, `username`, `first_name`, `last_name`, `email`, `phone`, `created_at`, `updated_at`) VALUES (51, 'witting.mathias', 'Alia', 'Bradtke', 'damien21@example.com', '(548)378-8542x35080', '2021-01-11 17:47:30', '2020-12-08 00:36:40');
INSERT INTO `users` (`id`, `username`, `first_name`, `last_name`, `email`, `phone`, `created_at`, `updated_at`) VALUES (52, 'jparker', 'Monique', 'Cremin', 'muriel34@example.org', '1-381-246-6673', '2021-02-07 21:11:57', '2020-04-20 22:25:50');
INSERT INTO `users` (`id`, `username`, `first_name`, `last_name`, `email`, `phone`, `created_at`, `updated_at`) VALUES (53, 'gusikowski.rubye', 'Elmira', 'Rohan', 'botsford.miles@example.org', '306-693-5014x91554', '2021-02-28 19:06:54', '2020-10-22 05:14:18');
INSERT INTO `users` (`id`, `username`, `first_name`, `last_name`, `email`, `phone`, `created_at`, `updated_at`) VALUES (54, 'helen.kub', 'Elinor', 'Murazik', 'marvin.gustave@example.net', '288.451.3641x45058', '2020-11-20 05:57:01', '2020-09-24 11:43:31');
INSERT INTO `users` (`id`, `username`, `first_name`, `last_name`, `email`, `phone`, `created_at`, `updated_at`) VALUES (55, 'heath38', 'Scarlett', 'Wintheiser', 'haylie47@example.net', '(852)735-8753', '2020-11-28 10:33:56', '2020-04-21 15:46:35');
INSERT INTO `users` (`id`, `username`, `first_name`, `last_name`, `email`, `phone`, `created_at`, `updated_at`) VALUES (56, 'pacocha.maggie', 'Mona', 'Reilly', 'doyle.lillian@example.net', '176-942-4782', '2021-02-25 18:17:37', '2020-07-31 02:45:31');
INSERT INTO `users` (`id`, `username`, `first_name`, `last_name`, `email`, `phone`, `created_at`, `updated_at`) VALUES (57, 'vkuphal', 'Allison', 'Zieme', 'nelle06@example.org', '171.903.5347', '2020-11-23 16:11:41', '2020-04-02 12:27:17');
INSERT INTO `users` (`id`, `username`, `first_name`, `last_name`, `email`, `phone`, `created_at`, `updated_at`) VALUES (58, 'xkutch', 'Elna', 'Monahan', 'zspinka@example.net', '00538504584', '2020-06-26 23:01:01', '2020-12-16 21:08:49');
INSERT INTO `users` (`id`, `username`, `first_name`, `last_name`, `email`, `phone`, `created_at`, `updated_at`) VALUES (59, 'ardith49', 'Declan', 'Beatty', 'abigail.lynch@example.net', '599-021-7828x51761', '2020-04-26 11:15:32', '2020-12-18 21:23:06');
INSERT INTO `users` (`id`, `username`, `first_name`, `last_name`, `email`, `phone`, `created_at`, `updated_at`) VALUES (60, 'ejacobson', 'Kennith', 'Donnelly', 'hamill.leslie@example.com', '709.360.8140x776', '2020-11-12 11:11:29', '2020-06-07 11:55:51');
INSERT INTO `users` (`id`, `username`, `first_name`, `last_name`, `email`, `phone`, `created_at`, `updated_at`) VALUES (61, 'eichmann.morris', 'Susan', 'Schneider', 'nshields@example.org', '337.532.6725x778', '2020-06-24 22:18:52', '2021-01-14 18:28:27');
INSERT INTO `users` (`id`, `username`, `first_name`, `last_name`, `email`, `phone`, `created_at`, `updated_at`) VALUES (62, 'qschmidt', 'Rosa', 'Willms', 'conroy.sonya@example.net', '+04(4)2407239481', '2020-09-24 05:27:30', '2020-12-22 02:02:00');
INSERT INTO `users` (`id`, `username`, `first_name`, `last_name`, `email`, `phone`, `created_at`, `updated_at`) VALUES (63, 'cbuckridge', 'Jeremy', 'Koss', 'yolanda40@example.com', '104.819.5141x472', '2020-05-07 17:00:28', '2020-06-07 11:43:15');
INSERT INTO `users` (`id`, `username`, `first_name`, `last_name`, `email`, `phone`, `created_at`, `updated_at`) VALUES (64, 'kuhlman.lillie', 'Eino', 'Gibson', 'twiza@example.com', '261.917.6349', '2021-01-04 06:31:39', '2020-12-07 18:11:54');
INSERT INTO `users` (`id`, `username`, `first_name`, `last_name`, `email`, `phone`, `created_at`, `updated_at`) VALUES (65, 'ahmed42', 'Lance', 'Hodkiewicz', 'mercedes24@example.org', '708.844.7897', '2020-06-21 12:07:33', '2020-10-15 16:57:03');
INSERT INTO `users` (`id`, `username`, `first_name`, `last_name`, `email`, `phone`, `created_at`, `updated_at`) VALUES (66, 'sunny.nader', 'Alvena', 'Bogisich', 'cristina.mayer@example.com', '440.808.4078', '2020-10-03 01:55:08', '2020-06-29 14:37:07');
INSERT INTO `users` (`id`, `username`, `first_name`, `last_name`, `email`, `phone`, `created_at`, `updated_at`) VALUES (67, 'johnson.jermain', 'Henriette', 'Walker', 'candice24@example.com', '+11(5)1668216956', '2020-07-01 12:38:20', '2020-07-08 08:58:02');
INSERT INTO `users` (`id`, `username`, `first_name`, `last_name`, `email`, `phone`, `created_at`, `updated_at`) VALUES (68, 'maryse07', 'Scotty', 'Osinski', 'srussel@example.com', '346-915-0645x1197', '2020-11-21 22:45:31', '2020-05-30 00:16:42');
INSERT INTO `users` (`id`, `username`, `first_name`, `last_name`, `email`, `phone`, `created_at`, `updated_at`) VALUES (69, 'klarson', 'Jazmin', 'Mueller', 'lowe.florence@example.com', '315.500.9105x24078', '2020-05-24 21:07:09', '2020-05-10 11:18:59');
INSERT INTO `users` (`id`, `username`, `first_name`, `last_name`, `email`, `phone`, `created_at`, `updated_at`) VALUES (70, 'luther09', 'Devin', 'Friesen', 'tess.reichert@example.net', '591.946.8644x387', '2021-02-03 20:48:02', '2020-06-18 18:08:02');
INSERT INTO `users` (`id`, `username`, `first_name`, `last_name`, `email`, `phone`, `created_at`, `updated_at`) VALUES (71, 'yolanda64', 'Alta', 'Gutkowski', 'shemar.yundt@example.net', '568-894-2733', '2020-10-20 11:21:37', '2021-02-18 21:42:26');
INSERT INTO `users` (`id`, `username`, `first_name`, `last_name`, `email`, `phone`, `created_at`, `updated_at`) VALUES (72, 'hackett.leslie', 'Joy', 'Waters', 'imetz@example.org', '1-405-190-3251x0114', '2020-09-08 23:09:01', '2020-08-18 21:45:36');
INSERT INTO `users` (`id`, `username`, `first_name`, `last_name`, `email`, `phone`, `created_at`, `updated_at`) VALUES (73, 'fkrajcik', 'Peter', 'Fisher', 'kreiger.wilber@example.com', '544-085-6024x4211', '2020-07-14 11:01:05', '2020-06-04 21:07:26');
INSERT INTO `users` (`id`, `username`, `first_name`, `last_name`, `email`, `phone`, `created_at`, `updated_at`) VALUES (74, 'roy65', 'Annetta', 'McCullough', 'beulah36@example.com', '064.842.3192x3931', '2020-08-24 09:38:42', '2020-10-01 12:57:41');
INSERT INTO `users` (`id`, `username`, `first_name`, `last_name`, `email`, `phone`, `created_at`, `updated_at`) VALUES (75, 'lowe.zena', 'Aleen', 'Treutel', 'jeremie.hand@example.net', '(972)148-3844x994', '2020-12-11 16:24:56', '2021-02-24 14:04:24');
INSERT INTO `users` (`id`, `username`, `first_name`, `last_name`, `email`, `phone`, `created_at`, `updated_at`) VALUES (76, 'lakin.whitney', 'Lora', 'Macejkovic', 'marquardt.kellen@example.net', '940-323-6437', '2020-11-18 01:31:51', '2020-11-05 01:56:03');
INSERT INTO `users` (`id`, `username`, `first_name`, `last_name`, `email`, `phone`, `created_at`, `updated_at`) VALUES (77, 'ocie50', 'Joey', 'Hoppe', 'filiberto.batz@example.net', '761-511-3732x5787', '2020-04-19 10:07:59', '2020-12-06 03:07:45');
INSERT INTO `users` (`id`, `username`, `first_name`, `last_name`, `email`, `phone`, `created_at`, `updated_at`) VALUES (78, 'ramiro.stoltenberg', 'Libby', 'Zulauf', 'michaela.hayes@example.org', '1-810-987-2909x650', '2020-12-21 20:50:44', '2020-07-04 19:48:34');
INSERT INTO `users` (`id`, `username`, `first_name`, `last_name`, `email`, `phone`, `created_at`, `updated_at`) VALUES (79, 'renner.madelyn', 'Keshaun', 'Ratke', 'cormier.jettie@example.net', '823-469-4742x990', '2020-04-09 00:59:34', '2021-01-23 01:49:31');
INSERT INTO `users` (`id`, `username`, `first_name`, `last_name`, `email`, `phone`, `created_at`, `updated_at`) VALUES (80, 'ibeer', 'Felix', 'Aufderhar', 'trever19@example.org', '+20(3)9296980510', '2020-07-07 02:24:17', '2020-04-11 00:15:14');
INSERT INTO `users` (`id`, `username`, `first_name`, `last_name`, `email`, `phone`, `created_at`, `updated_at`) VALUES (81, 'baumbach.mckayla', 'Noemy', 'Runolfsson', 'yolanda.ernser@example.org', '(070)516-3506x788', '2020-10-19 09:33:56', '2020-09-22 20:59:13');
INSERT INTO `users` (`id`, `username`, `first_name`, `last_name`, `email`, `phone`, `created_at`, `updated_at`) VALUES (82, 'casandra21', 'Percy', 'Zulauf', 'antonina18@example.net', '(318)725-6144', '2021-01-12 12:10:02', '2020-11-29 10:22:35');
INSERT INTO `users` (`id`, `username`, `first_name`, `last_name`, `email`, `phone`, `created_at`, `updated_at`) VALUES (83, 'kprosacco', 'Hiram', 'Tremblay', 'amya.watsica@example.org', '03624158826', '2020-06-15 19:34:49', '2020-09-24 19:24:40');
INSERT INTO `users` (`id`, `username`, `first_name`, `last_name`, `email`, `phone`, `created_at`, `updated_at`) VALUES (84, 'vance44', 'Webster', 'Prohaska', 'alvah.ondricka@example.com', '198-119-3710x2021', '2020-07-31 02:33:02', '2021-01-15 16:18:57');
INSERT INTO `users` (`id`, `username`, `first_name`, `last_name`, `email`, `phone`, `created_at`, `updated_at`) VALUES (85, 'xwintheiser', 'Jesus', 'Kovacek', 'kennedi94@example.net', '420.948.0260', '2020-11-16 03:29:57', '2020-09-13 01:43:37');
INSERT INTO `users` (`id`, `username`, `first_name`, `last_name`, `email`, `phone`, `created_at`, `updated_at`) VALUES (86, 'lmckenzie', 'Titus', 'Armstrong', 'alexa17@example.org', '(296)103-2351x9859', '2020-09-02 07:15:45', '2021-02-17 03:45:42');
INSERT INTO `users` (`id`, `username`, `first_name`, `last_name`, `email`, `phone`, `created_at`, `updated_at`) VALUES (87, 'cayla43', 'Mervin', 'McGlynn', 'zrippin@example.com', '455-770-4720x92006', '2020-07-16 21:44:20', '2020-10-10 00:00:30');
INSERT INTO `users` (`id`, `username`, `first_name`, `last_name`, `email`, `phone`, `created_at`, `updated_at`) VALUES (88, 'marianna31', 'Markus', 'Kuhic', 'keyon08@example.net', '(426)842-2314', '2020-10-07 14:43:17', '2020-05-15 00:34:51');
INSERT INTO `users` (`id`, `username`, `first_name`, `last_name`, `email`, `phone`, `created_at`, `updated_at`) VALUES (89, 'ahmed.hahn', 'Jayce', 'Hudson', 'bianka21@example.com', '(427)670-1707x2595', '2020-09-23 07:38:27', '2020-09-02 04:59:22');
INSERT INTO `users` (`id`, `username`, `first_name`, `last_name`, `email`, `phone`, `created_at`, `updated_at`) VALUES (90, 'ygulgowski', 'Vanessa', 'Schoen', 'jhintz@example.net', '+84(2)9341262683', '2020-09-10 18:43:40', '2020-11-15 01:23:33');
INSERT INTO `users` (`id`, `username`, `first_name`, `last_name`, `email`, `phone`, `created_at`, `updated_at`) VALUES (91, 'annabel57', 'Trisha', 'Glover', 'zgoyette@example.net', '518-396-8345', '2020-08-08 15:30:59', '2020-06-05 23:33:05');
INSERT INTO `users` (`id`, `username`, `first_name`, `last_name`, `email`, `phone`, `created_at`, `updated_at`) VALUES (92, 'michele33', 'Alexane', 'Nader', 'ward.barton@example.com', '(373)319-7614', '2020-04-12 11:30:14', '2020-05-15 19:41:46');
INSERT INTO `users` (`id`, `username`, `first_name`, `last_name`, `email`, `phone`, `created_at`, `updated_at`) VALUES (93, 'mariano64', 'Brenda', 'Crooks', 'gusikowski.jessica@example.com', '326.849.3124x0119', '2020-03-31 07:18:02', '2020-11-17 07:29:28');
INSERT INTO `users` (`id`, `username`, `first_name`, `last_name`, `email`, `phone`, `created_at`, `updated_at`) VALUES (94, 'aliya25', 'Jacques', 'Schumm', 'blaze.orn@example.com', '986.534.2844x53464', '2021-03-06 18:30:57', '2021-02-13 18:38:49');
INSERT INTO `users` (`id`, `username`, `first_name`, `last_name`, `email`, `phone`, `created_at`, `updated_at`) VALUES (95, 'hessel.daisha', 'Jaydon', 'Davis', 'rodriguez.floy@example.net', '(452)451-6765x414', '2020-08-09 22:16:34', '2020-10-06 15:43:02');
INSERT INTO `users` (`id`, `username`, `first_name`, `last_name`, `email`, `phone`, `created_at`, `updated_at`) VALUES (96, 'monty.cruickshank', 'Guiseppe', 'Schaefer', 'adams.giuseppe@example.org', '171-665-2196x453', '2020-04-25 22:38:51', '2021-02-23 07:27:15');
INSERT INTO `users` (`id`, `username`, `first_name`, `last_name`, `email`, `phone`, `created_at`, `updated_at`) VALUES (97, 'kessler.nyasia', 'Juston', 'Moore', 'qmosciski@example.net', '08398617368', '2020-11-26 20:09:28', '2020-05-15 10:24:41');
INSERT INTO `users` (`id`, `username`, `first_name`, `last_name`, `email`, `phone`, `created_at`, `updated_at`) VALUES (98, 'vbahringer', 'Savannah', 'Wolff', 'freida05@example.com', '(542)596-4496x05146', '2020-11-16 06:29:44', '2020-04-06 13:18:30');
INSERT INTO `users` (`id`, `username`, `first_name`, `last_name`, `email`, `phone`, `created_at`, `updated_at`) VALUES (99, 'nkuhic', 'Delaney', 'Hagenes', 'ypaucek@example.com', '07264128575', '2020-10-11 16:32:02', '2021-01-25 18:40:31');
INSERT INTO `users` (`id`, `username`, `first_name`, `last_name`, `email`, `phone`, `created_at`, `updated_at`) VALUES (100, 'mbreitenberg', 'Olin', 'Heathcote', 'ernestine75@example.org', '+18(1)8437699717', '2020-09-12 04:06:04', '2020-12-04 18:45:39');


-- Медиа
INSERT INTO `media` (`id`, `user_id`, `filename`, `size`, `created_at`, `updated_at`) VALUES (1, 8, 'nihil', 2562, '2020-09-09 10:37:28', '2020-06-02 18:56:29');
INSERT INTO `media` (`id`, `user_id`, `filename`, `size`, `created_at`, `updated_at`) VALUES (2, 33, 'ex', 1142, '2020-09-05 11:48:28', '2020-09-29 21:48:28');
INSERT INTO `media` (`id`, `user_id`, `filename`, `size`, `created_at`, `updated_at`) VALUES (3, 32, 'voluptatem', 1835, '2020-09-07 01:26:26', '2020-04-27 09:46:39');
INSERT INTO `media` (`id`, `user_id`, `filename`, `size`, `created_at`, `updated_at`) VALUES (4, 69, 'et', 1701, '2021-02-27 19:47:02', '2020-12-14 17:06:42');
INSERT INTO `media` (`id`, `user_id`, `filename`, `size`, `created_at`, `updated_at`) VALUES (5, 33, 'odio', 1587, '2020-06-20 10:52:24', '2021-03-16 17:54:30');
INSERT INTO `media` (`id`, `user_id`, `filename`, `size`, `created_at`, `updated_at`) VALUES (6, 99, 'quo', 2344, '2020-12-07 03:28:10', '2020-12-06 08:57:05');
INSERT INTO `media` (`id`, `user_id`, `filename`, `size`, `created_at`, `updated_at`) VALUES (7, 62, 'quia', 2356, '2020-06-04 03:51:25', '2020-11-25 05:44:53');
INSERT INTO `media` (`id`, `user_id`, `filename`, `size`, `created_at`, `updated_at`) VALUES (8, 57, 'voluptate', 2435, '2020-05-24 17:11:51', '2021-01-21 17:22:38');
INSERT INTO `media` (`id`, `user_id`, `filename`, `size`, `created_at`, `updated_at`) VALUES (9, 93, 'magnam', 2306, '2020-05-15 08:36:30', '2020-07-09 23:50:54');
INSERT INTO `media` (`id`, `user_id`, `filename`, `size`, `created_at`, `updated_at`) VALUES (10, 36, 'velit', 1265, '2020-04-21 08:22:14', '2020-07-09 10:54:29');
INSERT INTO `media` (`id`, `user_id`, `filename`, `size`, `created_at`, `updated_at`) VALUES (11, 56, 'dolorum', 2035, '2020-12-05 14:18:41', '2020-05-11 23:52:15');
INSERT INTO `media` (`id`, `user_id`, `filename`, `size`, `created_at`, `updated_at`) VALUES (12, 44, 'et', 2999, '2020-12-27 16:50:25', '2020-11-26 19:13:10');
INSERT INTO `media` (`id`, `user_id`, `filename`, `size`, `created_at`, `updated_at`) VALUES (13, 39, 'optio', 2620, '2020-09-14 19:16:13', '2020-06-11 18:15:32');
INSERT INTO `media` (`id`, `user_id`, `filename`, `size`, `created_at`, `updated_at`) VALUES (14, 93, 'ut', 2744, '2020-04-01 07:05:35', '2020-09-25 11:28:33');
INSERT INTO `media` (`id`, `user_id`, `filename`, `size`, `created_at`, `updated_at`) VALUES (15, 1, 'rerum', 2858, '2021-02-22 15:13:29', '2020-11-27 15:45:47');
INSERT INTO `media` (`id`, `user_id`, `filename`, `size`, `created_at`, `updated_at`) VALUES (16, 98, 'excepturi', 1438, '2020-11-23 04:12:56', '2020-11-14 21:03:53');
INSERT INTO `media` (`id`, `user_id`, `filename`, `size`, `created_at`, `updated_at`) VALUES (17, 48, 'sequi', 1705, '2021-02-24 08:35:12', '2020-05-09 08:00:47');
INSERT INTO `media` (`id`, `user_id`, `filename`, `size`, `created_at`, `updated_at`) VALUES (18, 48, 'fuga', 696, '2021-03-07 22:16:46', '2020-11-15 02:12:29');
INSERT INTO `media` (`id`, `user_id`, `filename`, `size`, `created_at`, `updated_at`) VALUES (19, 27, 'error', 1683, '2020-04-05 05:39:36', '2020-11-16 03:56:34');
INSERT INTO `media` (`id`, `user_id`, `filename`, `size`, `created_at`, `updated_at`) VALUES (20, 43, 'ut', 2652, '2021-01-23 12:31:52', '2021-03-01 15:21:06');
INSERT INTO `media` (`id`, `user_id`, `filename`, `size`, `created_at`, `updated_at`) VALUES (21, 8, 'tempore', 955, '2021-02-10 06:41:25', '2020-05-28 05:52:56');
INSERT INTO `media` (`id`, `user_id`, `filename`, `size`, `created_at`, `updated_at`) VALUES (22, 7, 'dolor', 2392, '2020-06-13 06:36:35', '2020-12-26 22:29:20');
INSERT INTO `media` (`id`, `user_id`, `filename`, `size`, `created_at`, `updated_at`) VALUES (23, 41, 'ex', 2180, '2020-07-10 06:53:21', '2020-08-03 10:25:30');
INSERT INTO `media` (`id`, `user_id`, `filename`, `size`, `created_at`, `updated_at`) VALUES (24, 68, 'quam', 1743, '2020-07-01 04:42:21', '2020-03-29 17:36:29');
INSERT INTO `media` (`id`, `user_id`, `filename`, `size`, `created_at`, `updated_at`) VALUES (25, 10, 'blanditiis', 946, '2020-04-15 21:36:07', '2020-05-10 02:51:40');
INSERT INTO `media` (`id`, `user_id`, `filename`, `size`, `created_at`, `updated_at`) VALUES (26, 44, 'dolore', 2298, '2021-02-18 21:58:53', '2021-02-25 03:55:38');
INSERT INTO `media` (`id`, `user_id`, `filename`, `size`, `created_at`, `updated_at`) VALUES (27, 92, 'delectus', 1258, '2021-03-09 13:01:56', '2020-09-26 02:22:00');
INSERT INTO `media` (`id`, `user_id`, `filename`, `size`, `created_at`, `updated_at`) VALUES (28, 3, 'sit', 2362, '2020-06-19 08:20:08', '2020-09-24 17:18:07');
INSERT INTO `media` (`id`, `user_id`, `filename`, `size`, `created_at`, `updated_at`) VALUES (29, 88, 'dolorem', 2317, '2020-12-12 03:06:28', '2021-02-18 00:44:21');
INSERT INTO `media` (`id`, `user_id`, `filename`, `size`, `created_at`, `updated_at`) VALUES (30, 4, 'natus', 1536, '2020-03-27 07:29:28', '2021-01-07 02:58:00');
INSERT INTO `media` (`id`, `user_id`, `filename`, `size`, `created_at`, `updated_at`) VALUES (31, 19, 'iste', 2602, '2020-03-26 01:09:10', '2020-12-07 07:57:58');
INSERT INTO `media` (`id`, `user_id`, `filename`, `size`, `created_at`, `updated_at`) VALUES (32, 69, 'voluptatem', 903, '2020-11-28 12:58:19', '2020-12-17 12:12:05');
INSERT INTO `media` (`id`, `user_id`, `filename`, `size`, `created_at`, `updated_at`) VALUES (33, 87, 'et', 1012, '2021-02-26 08:07:22', '2020-10-31 05:56:51');
INSERT INTO `media` (`id`, `user_id`, `filename`, `size`, `created_at`, `updated_at`) VALUES (34, 55, 'impedit', 1659, '2020-10-17 08:23:41', '2020-04-21 14:16:46');
INSERT INTO `media` (`id`, `user_id`, `filename`, `size`, `created_at`, `updated_at`) VALUES (35, 13, 'modi', 593, '2021-02-04 16:18:15', '2020-10-22 09:38:19');
INSERT INTO `media` (`id`, `user_id`, `filename`, `size`, `created_at`, `updated_at`) VALUES (36, 23, 'aut', 789, '2020-06-21 06:48:36', '2021-01-14 09:41:41');
INSERT INTO `media` (`id`, `user_id`, `filename`, `size`, `created_at`, `updated_at`) VALUES (37, 83, 'voluptatem', 1437, '2020-03-24 16:58:01', '2021-01-30 18:41:59');
INSERT INTO `media` (`id`, `user_id`, `filename`, `size`, `created_at`, `updated_at`) VALUES (38, 55, 'non', 730, '2021-01-30 15:43:57', '2020-12-10 21:40:10');
INSERT INTO `media` (`id`, `user_id`, `filename`, `size`, `created_at`, `updated_at`) VALUES (39, 68, 'aut', 2298, '2020-11-18 17:22:04', '2020-05-07 13:57:43');
INSERT INTO `media` (`id`, `user_id`, `filename`, `size`, `created_at`, `updated_at`) VALUES (40, 57, 'quidem', 919, '2020-12-09 22:33:30', '2021-03-07 09:06:59');
INSERT INTO `media` (`id`, `user_id`, `filename`, `size`, `created_at`, `updated_at`) VALUES (41, 99, 'quia', 1700, '2020-07-16 08:35:27', '2020-11-12 09:21:11');
INSERT INTO `media` (`id`, `user_id`, `filename`, `size`, `created_at`, `updated_at`) VALUES (42, 31, 'veniam', 1282, '2021-02-21 01:50:25', '2020-09-30 03:23:31');
INSERT INTO `media` (`id`, `user_id`, `filename`, `size`, `created_at`, `updated_at`) VALUES (43, 90, 'animi', 2115, '2020-10-07 23:17:54', '2020-03-29 13:03:24');
INSERT INTO `media` (`id`, `user_id`, `filename`, `size`, `created_at`, `updated_at`) VALUES (44, 96, 'qui', 1021, '2021-01-25 01:38:46', '2020-04-10 06:52:38');
INSERT INTO `media` (`id`, `user_id`, `filename`, `size`, `created_at`, `updated_at`) VALUES (45, 37, 'qui', 1517, '2020-08-25 08:32:39', '2020-08-20 12:18:49');
INSERT INTO `media` (`id`, `user_id`, `filename`, `size`, `created_at`, `updated_at`) VALUES (46, 94, 'quaerat', 2284, '2020-03-25 10:16:53', '2020-12-28 13:04:01');
INSERT INTO `media` (`id`, `user_id`, `filename`, `size`, `created_at`, `updated_at`) VALUES (47, 84, 'sed', 787, '2020-05-11 11:36:27', '2021-02-28 14:37:06');
INSERT INTO `media` (`id`, `user_id`, `filename`, `size`, `created_at`, `updated_at`) VALUES (48, 77, 'expedita', 2621, '2020-09-15 08:23:25', '2020-04-08 14:13:32');
INSERT INTO `media` (`id`, `user_id`, `filename`, `size`, `created_at`, `updated_at`) VALUES (49, 85, 'deleniti', 2528, '2020-04-10 12:15:47', '2020-07-11 11:38:29');
INSERT INTO `media` (`id`, `user_id`, `filename`, `size`, `created_at`, `updated_at`) VALUES (50, 80, 'nemo', 603, '2020-04-01 19:26:09', '2021-03-10 07:55:47');
INSERT INTO `media` (`id`, `user_id`, `filename`, `size`, `created_at`, `updated_at`) VALUES (51, 92, 'porro', 2229, '2020-08-11 14:02:47', '2020-04-12 21:16:11');
INSERT INTO `media` (`id`, `user_id`, `filename`, `size`, `created_at`, `updated_at`) VALUES (52, 47, 'vel', 2551, '2021-01-21 06:01:56', '2021-01-17 17:44:55');
INSERT INTO `media` (`id`, `user_id`, `filename`, `size`, `created_at`, `updated_at`) VALUES (53, 78, 'consequatur', 2488, '2020-05-30 19:00:03', '2020-10-27 07:55:23');
INSERT INTO `media` (`id`, `user_id`, `filename`, `size`, `created_at`, `updated_at`) VALUES (54, 18, 'vero', 1663, '2020-07-29 12:08:37', '2020-10-07 06:50:01');
INSERT INTO `media` (`id`, `user_id`, `filename`, `size`, `created_at`, `updated_at`) VALUES (55, 22, 'at', 1006, '2020-07-30 14:55:50', '2021-03-02 09:04:38');
INSERT INTO `media` (`id`, `user_id`, `filename`, `size`, `created_at`, `updated_at`) VALUES (56, 25, 'exercitationem', 1537, '2020-04-01 20:38:11', '2020-07-15 10:45:58');
INSERT INTO `media` (`id`, `user_id`, `filename`, `size`, `created_at`, `updated_at`) VALUES (57, 46, 'rerum', 1786, '2020-07-12 11:21:15', '2020-04-19 02:22:30');
INSERT INTO `media` (`id`, `user_id`, `filename`, `size`, `created_at`, `updated_at`) VALUES (58, 34, 'voluptatibus', 1099, '2021-02-11 04:56:45', '2020-11-01 23:31:20');
INSERT INTO `media` (`id`, `user_id`, `filename`, `size`, `created_at`, `updated_at`) VALUES (59, 44, 'eum', 1788, '2020-05-28 16:37:45', '2020-07-16 00:38:39');
INSERT INTO `media` (`id`, `user_id`, `filename`, `size`, `created_at`, `updated_at`) VALUES (60, 4, 'id', 2280, '2020-09-04 19:24:54', '2020-09-12 09:34:05');
INSERT INTO `media` (`id`, `user_id`, `filename`, `size`, `created_at`, `updated_at`) VALUES (61, 12, 'veritatis', 1957, '2020-11-07 13:04:30', '2020-12-15 14:16:40');
INSERT INTO `media` (`id`, `user_id`, `filename`, `size`, `created_at`, `updated_at`) VALUES (62, 2, 'magni', 2032, '2020-06-14 16:00:31', '2021-03-04 09:30:40');
INSERT INTO `media` (`id`, `user_id`, `filename`, `size`, `created_at`, `updated_at`) VALUES (63, 80, 'qui', 2487, '2021-03-05 08:36:20', '2020-09-12 12:40:54');
INSERT INTO `media` (`id`, `user_id`, `filename`, `size`, `created_at`, `updated_at`) VALUES (64, 68, 'inventore', 1365, '2020-06-25 01:29:37', '2020-06-24 03:05:56');
INSERT INTO `media` (`id`, `user_id`, `filename`, `size`, `created_at`, `updated_at`) VALUES (65, 94, 'quam', 2609, '2020-08-01 14:41:30', '2020-12-03 01:52:24');
INSERT INTO `media` (`id`, `user_id`, `filename`, `size`, `created_at`, `updated_at`) VALUES (66, 70, 'natus', 965, '2020-06-20 18:39:50', '2020-07-21 12:29:33');
INSERT INTO `media` (`id`, `user_id`, `filename`, `size`, `created_at`, `updated_at`) VALUES (67, 33, 'occaecati', 2068, '2021-01-19 17:40:51', '2020-06-17 15:55:27');
INSERT INTO `media` (`id`, `user_id`, `filename`, `size`, `created_at`, `updated_at`) VALUES (68, 82, 'inventore', 2173, '2020-07-28 06:34:19', '2020-04-05 23:28:06');
INSERT INTO `media` (`id`, `user_id`, `filename`, `size`, `created_at`, `updated_at`) VALUES (69, 81, 'harum', 2308, '2020-09-18 18:22:06', '2020-11-13 11:09:17');
INSERT INTO `media` (`id`, `user_id`, `filename`, `size`, `created_at`, `updated_at`) VALUES (70, 83, 'quaerat', 1168, '2020-09-02 05:30:33', '2020-07-05 05:01:25');
INSERT INTO `media` (`id`, `user_id`, `filename`, `size`, `created_at`, `updated_at`) VALUES (71, 67, 'ipsam', 783, '2020-10-11 21:07:13', '2020-06-19 20:48:03');
INSERT INTO `media` (`id`, `user_id`, `filename`, `size`, `created_at`, `updated_at`) VALUES (72, 47, 'suscipit', 1462, '2020-10-23 04:14:45', '2020-03-30 09:41:47');
INSERT INTO `media` (`id`, `user_id`, `filename`, `size`, `created_at`, `updated_at`) VALUES (73, 69, 'et', 1475, '2020-08-19 17:31:15', '2020-05-08 06:11:48');
INSERT INTO `media` (`id`, `user_id`, `filename`, `size`, `created_at`, `updated_at`) VALUES (74, 70, 'ipsa', 2760, '2020-12-18 13:20:47', '2020-09-05 23:00:20');
INSERT INTO `media` (`id`, `user_id`, `filename`, `size`, `created_at`, `updated_at`) VALUES (75, 90, 'repudiandae', 627, '2020-11-10 11:33:59', '2020-05-30 01:01:34');
INSERT INTO `media` (`id`, `user_id`, `filename`, `size`, `created_at`, `updated_at`) VALUES (76, 48, 'sapiente', 1293, '2020-09-14 14:16:02', '2020-09-09 17:09:47');
INSERT INTO `media` (`id`, `user_id`, `filename`, `size`, `created_at`, `updated_at`) VALUES (77, 44, 'vel', 2207, '2020-09-01 12:11:32', '2021-01-27 10:35:14');
INSERT INTO `media` (`id`, `user_id`, `filename`, `size`, `created_at`, `updated_at`) VALUES (78, 46, 'maiores', 2846, '2020-04-24 08:12:22', '2020-07-13 06:52:02');
INSERT INTO `media` (`id`, `user_id`, `filename`, `size`, `created_at`, `updated_at`) VALUES (79, 30, 'neque', 1986, '2020-09-16 06:27:38', '2020-04-08 10:31:11');
INSERT INTO `media` (`id`, `user_id`, `filename`, `size`, `created_at`, `updated_at`) VALUES (80, 56, 'eum', 2540, '2020-05-15 01:04:54', '2020-10-04 11:07:03');
INSERT INTO `media` (`id`, `user_id`, `filename`, `size`, `created_at`, `updated_at`) VALUES (81, 1, 'quisquam', 1717, '2020-09-22 06:20:14', '2020-10-17 07:53:19');
INSERT INTO `media` (`id`, `user_id`, `filename`, `size`, `created_at`, `updated_at`) VALUES (82, 52, 'aut', 1116, '2020-05-13 06:00:19', '2020-08-26 22:23:38');
INSERT INTO `media` (`id`, `user_id`, `filename`, `size`, `created_at`, `updated_at`) VALUES (83, 85, 'quibusdam', 886, '2021-01-06 13:38:12', '2020-10-21 07:30:07');
INSERT INTO `media` (`id`, `user_id`, `filename`, `size`, `created_at`, `updated_at`) VALUES (84, 10, 'porro', 1323, '2020-06-30 05:39:03', '2021-01-07 10:35:32');
INSERT INTO `media` (`id`, `user_id`, `filename`, `size`, `created_at`, `updated_at`) VALUES (85, 89, 'aut', 1545, '2020-07-25 22:21:15', '2020-11-26 17:31:47');
INSERT INTO `media` (`id`, `user_id`, `filename`, `size`, `created_at`, `updated_at`) VALUES (86, 74, 'quia', 2837, '2020-11-20 05:49:06', '2020-08-21 01:15:00');
INSERT INTO `media` (`id`, `user_id`, `filename`, `size`, `created_at`, `updated_at`) VALUES (87, 80, 'amet', 2376, '2020-10-15 22:35:30', '2021-02-06 19:13:08');
INSERT INTO `media` (`id`, `user_id`, `filename`, `size`, `created_at`, `updated_at`) VALUES (88, 37, 'veritatis', 942, '2020-09-14 23:41:48', '2021-02-05 22:00:08');
INSERT INTO `media` (`id`, `user_id`, `filename`, `size`, `created_at`, `updated_at`) VALUES (89, 43, 'molestias', 2057, '2021-02-06 13:18:07', '2020-11-09 19:23:17');
INSERT INTO `media` (`id`, `user_id`, `filename`, `size`, `created_at`, `updated_at`) VALUES (90, 23, 'minus', 874, '2020-12-30 15:02:43', '2020-10-26 18:09:15');
INSERT INTO `media` (`id`, `user_id`, `filename`, `size`, `created_at`, `updated_at`) VALUES (91, 49, 'perspiciatis', 2623, '2021-01-26 16:07:16', '2020-06-30 07:23:17');
INSERT INTO `media` (`id`, `user_id`, `filename`, `size`, `created_at`, `updated_at`) VALUES (92, 29, 'labore', 869, '2020-11-27 09:25:29', '2020-10-27 05:44:07');
INSERT INTO `media` (`id`, `user_id`, `filename`, `size`, `created_at`, `updated_at`) VALUES (93, 70, 'ex', 1104, '2020-04-10 19:27:36', '2020-12-29 21:24:53');
INSERT INTO `media` (`id`, `user_id`, `filename`, `size`, `created_at`, `updated_at`) VALUES (94, 68, 'sint', 2752, '2020-08-28 06:10:32', '2020-10-09 06:16:59');
INSERT INTO `media` (`id`, `user_id`, `filename`, `size`, `created_at`, `updated_at`) VALUES (95, 7, 'quis', 2208, '2020-10-03 16:02:02', '2020-08-04 17:38:23');
INSERT INTO `media` (`id`, `user_id`, `filename`, `size`, `created_at`, `updated_at`) VALUES (96, 48, 'nihil', 2441, '2020-11-04 23:16:39', '2021-01-08 11:52:21');
INSERT INTO `media` (`id`, `user_id`, `filename`, `size`, `created_at`, `updated_at`) VALUES (97, 99, 'voluptatum', 2356, '2020-07-21 15:54:13', '2020-12-10 00:57:12');
INSERT INTO `media` (`id`, `user_id`, `filename`, `size`, `created_at`, `updated_at`) VALUES (98, 35, 'et', 2193, '2021-03-09 15:19:18', '2020-09-23 12:07:42');
INSERT INTO `media` (`id`, `user_id`, `filename`, `size`, `created_at`, `updated_at`) VALUES (99, 63, 'consequatur', 1762, '2020-12-31 17:40:49', '2020-10-05 02:46:36');
INSERT INTO `media` (`id`, `user_id`, `filename`, `size`, `created_at`, `updated_at`) VALUES (100, 69, 'sint', 1434, '2020-07-26 21:52:08', '2020-07-28 00:38:42');
INSERT INTO `media` (`id`, `user_id`, `filename`, `size`, `created_at`, `updated_at`) VALUES (101, 39, 'soluta', 1115, '2020-08-02 08:31:15', '2020-05-30 04:32:07');
INSERT INTO `media` (`id`, `user_id`, `filename`, `size`, `created_at`, `updated_at`) VALUES (102, 1, 'animi', 524, '2021-01-20 13:34:21', '2021-03-04 22:23:31');
INSERT INTO `media` (`id`, `user_id`, `filename`, `size`, `created_at`, `updated_at`) VALUES (103, 27, 'sed', 1256, '2020-04-16 18:17:13', '2021-01-31 05:39:06');
INSERT INTO `media` (`id`, `user_id`, `filename`, `size`, `created_at`, `updated_at`) VALUES (104, 11, 'quis', 2160, '2020-12-12 10:01:15', '2021-02-12 00:28:28');
INSERT INTO `media` (`id`, `user_id`, `filename`, `size`, `created_at`, `updated_at`) VALUES (105, 86, 'nostrum', 814, '2020-12-01 17:06:40', '2020-04-28 17:40:10');
INSERT INTO `media` (`id`, `user_id`, `filename`, `size`, `created_at`, `updated_at`) VALUES (106, 43, 'tenetur', 1014, '2020-04-24 05:06:49', '2021-01-03 00:12:41');
INSERT INTO `media` (`id`, `user_id`, `filename`, `size`, `created_at`, `updated_at`) VALUES (107, 92, 'facere', 2640, '2020-12-02 21:19:18', '2020-08-21 23:37:26');
INSERT INTO `media` (`id`, `user_id`, `filename`, `size`, `created_at`, `updated_at`) VALUES (108, 60, 'tempore', 2178, '2020-06-10 04:40:26', '2020-10-21 05:16:16');
INSERT INTO `media` (`id`, `user_id`, `filename`, `size`, `created_at`, `updated_at`) VALUES (109, 10, 'cupiditate', 861, '2021-02-17 08:45:27', '2020-10-24 00:52:55');
INSERT INTO `media` (`id`, `user_id`, `filename`, `size`, `created_at`, `updated_at`) VALUES (110, 21, 'voluptas', 816, '2020-04-14 03:44:45', '2020-12-16 19:05:40');
INSERT INTO `media` (`id`, `user_id`, `filename`, `size`, `created_at`, `updated_at`) VALUES (111, 4, 'minus', 1286, '2020-04-11 18:13:37', '2021-02-28 09:33:26');
INSERT INTO `media` (`id`, `user_id`, `filename`, `size`, `created_at`, `updated_at`) VALUES (112, 79, 'dicta', 942, '2020-08-28 12:10:26', '2020-11-20 17:56:06');
INSERT INTO `media` (`id`, `user_id`, `filename`, `size`, `created_at`, `updated_at`) VALUES (113, 65, 'aut', 2883, '2020-11-20 08:49:15', '2020-05-02 08:21:38');
INSERT INTO `media` (`id`, `user_id`, `filename`, `size`, `created_at`, `updated_at`) VALUES (114, 94, 'molestiae', 651, '2021-01-24 11:50:38', '2020-10-05 05:23:48');
INSERT INTO `media` (`id`, `user_id`, `filename`, `size`, `created_at`, `updated_at`) VALUES (115, 86, 'exercitationem', 545, '2020-04-19 13:24:20', '2020-03-21 16:56:43');
INSERT INTO `media` (`id`, `user_id`, `filename`, `size`, `created_at`, `updated_at`) VALUES (116, 31, 'reprehenderit', 1485, '2021-01-31 11:15:46', '2020-11-27 06:08:53');
INSERT INTO `media` (`id`, `user_id`, `filename`, `size`, `created_at`, `updated_at`) VALUES (117, 2, 'voluptatibus', 568, '2021-01-31 10:24:24', '2020-05-18 00:55:41');
INSERT INTO `media` (`id`, `user_id`, `filename`, `size`, `created_at`, `updated_at`) VALUES (118, 15, 'nihil', 2240, '2020-07-10 15:14:10', '2021-03-02 05:01:08');
INSERT INTO `media` (`id`, `user_id`, `filename`, `size`, `created_at`, `updated_at`) VALUES (119, 31, 'enim', 564, '2020-11-25 01:26:57', '2021-01-14 08:07:18');
INSERT INTO `media` (`id`, `user_id`, `filename`, `size`, `created_at`, `updated_at`) VALUES (120, 98, 'iure', 2178, '2020-03-27 21:14:29', '2021-02-23 11:54:33');
INSERT INTO `media` (`id`, `user_id`, `filename`, `size`, `created_at`, `updated_at`) VALUES (121, 9, 'eligendi', 2973, '2021-03-18 06:38:44', '2021-02-06 02:22:25');
INSERT INTO `media` (`id`, `user_id`, `filename`, `size`, `created_at`, `updated_at`) VALUES (122, 63, 'quibusdam', 1423, '2021-02-06 19:40:39', '2020-08-16 22:16:30');
INSERT INTO `media` (`id`, `user_id`, `filename`, `size`, `created_at`, `updated_at`) VALUES (123, 97, 'tempora', 1934, '2020-03-23 23:14:54', '2020-05-01 06:17:37');
INSERT INTO `media` (`id`, `user_id`, `filename`, `size`, `created_at`, `updated_at`) VALUES (124, 99, 'aliquid', 1095, '2020-11-29 17:06:33', '2020-10-23 17:33:07');
INSERT INTO `media` (`id`, `user_id`, `filename`, `size`, `created_at`, `updated_at`) VALUES (125, 22, 'dolores', 1359, '2020-06-14 07:17:14', '2020-10-27 15:23:04');
INSERT INTO `media` (`id`, `user_id`, `filename`, `size`, `created_at`, `updated_at`) VALUES (126, 78, 'incidunt', 2878, '2020-12-23 15:57:28', '2020-12-20 05:38:37');
INSERT INTO `media` (`id`, `user_id`, `filename`, `size`, `created_at`, `updated_at`) VALUES (127, 15, 'maiores', 2491, '2020-04-16 04:48:59', '2020-07-27 20:09:36');
INSERT INTO `media` (`id`, `user_id`, `filename`, `size`, `created_at`, `updated_at`) VALUES (128, 31, 'recusandae', 1178, '2020-10-07 11:44:01', '2020-11-04 01:37:38');
INSERT INTO `media` (`id`, `user_id`, `filename`, `size`, `created_at`, `updated_at`) VALUES (129, 36, 'labore', 1846, '2020-12-03 12:43:53', '2020-08-27 22:55:55');
INSERT INTO `media` (`id`, `user_id`, `filename`, `size`, `created_at`, `updated_at`) VALUES (130, 83, 'consequuntur', 2616, '2020-12-07 19:06:03', '2020-06-28 04:53:47');
INSERT INTO `media` (`id`, `user_id`, `filename`, `size`, `created_at`, `updated_at`) VALUES (131, 23, 'quas', 1909, '2021-03-13 21:14:38', '2020-08-24 00:22:17');
INSERT INTO `media` (`id`, `user_id`, `filename`, `size`, `created_at`, `updated_at`) VALUES (132, 56, 'molestiae', 2335, '2020-12-17 23:40:06', '2020-11-22 20:16:39');
INSERT INTO `media` (`id`, `user_id`, `filename`, `size`, `created_at`, `updated_at`) VALUES (133, 96, 'dignissimos', 2971, '2020-08-30 13:09:48', '2021-02-13 08:03:45');
INSERT INTO `media` (`id`, `user_id`, `filename`, `size`, `created_at`, `updated_at`) VALUES (134, 94, 'voluptate', 1307, '2021-01-28 01:40:16', '2021-01-21 02:43:38');
INSERT INTO `media` (`id`, `user_id`, `filename`, `size`, `created_at`, `updated_at`) VALUES (135, 73, 'facere', 994, '2020-07-13 07:05:02', '2020-06-21 05:48:20');
INSERT INTO `media` (`id`, `user_id`, `filename`, `size`, `created_at`, `updated_at`) VALUES (136, 52, 'officiis', 1917, '2020-09-13 06:44:22', '2020-11-30 20:23:55');
INSERT INTO `media` (`id`, `user_id`, `filename`, `size`, `created_at`, `updated_at`) VALUES (137, 82, 'quam', 1238, '2020-04-03 01:37:12', '2020-10-08 01:10:23');
INSERT INTO `media` (`id`, `user_id`, `filename`, `size`, `created_at`, `updated_at`) VALUES (138, 92, 'quis', 1923, '2020-04-25 11:08:01', '2020-05-26 12:01:11');
INSERT INTO `media` (`id`, `user_id`, `filename`, `size`, `created_at`, `updated_at`) VALUES (139, 2, 'est', 2598, '2020-12-28 01:22:29', '2020-11-08 02:31:52');
INSERT INTO `media` (`id`, `user_id`, `filename`, `size`, `created_at`, `updated_at`) VALUES (140, 82, 'velit', 2247, '2020-09-19 04:23:53', '2020-10-12 23:32:03');
INSERT INTO `media` (`id`, `user_id`, `filename`, `size`, `created_at`, `updated_at`) VALUES (141, 87, 'non', 1504, '2020-05-27 05:35:26', '2020-09-12 04:44:09');
INSERT INTO `media` (`id`, `user_id`, `filename`, `size`, `created_at`, `updated_at`) VALUES (142, 5, 'numquam', 2247, '2020-04-01 13:09:49', '2020-07-03 05:19:00');
INSERT INTO `media` (`id`, `user_id`, `filename`, `size`, `created_at`, `updated_at`) VALUES (143, 74, 'mollitia', 2026, '2020-04-10 14:52:32', '2020-11-03 12:34:14');
INSERT INTO `media` (`id`, `user_id`, `filename`, `size`, `created_at`, `updated_at`) VALUES (144, 32, 'molestiae', 1864, '2020-07-14 02:29:56', '2020-11-09 16:00:42');
INSERT INTO `media` (`id`, `user_id`, `filename`, `size`, `created_at`, `updated_at`) VALUES (145, 41, 'et', 597, '2020-08-07 14:15:08', '2020-05-09 13:56:30');
INSERT INTO `media` (`id`, `user_id`, `filename`, `size`, `created_at`, `updated_at`) VALUES (146, 21, 'fugit', 1611, '2021-03-07 06:35:32', '2020-08-13 20:26:40');
INSERT INTO `media` (`id`, `user_id`, `filename`, `size`, `created_at`, `updated_at`) VALUES (147, 79, 'tempore', 559, '2020-06-17 13:51:37', '2020-06-13 01:07:19');
INSERT INTO `media` (`id`, `user_id`, `filename`, `size`, `created_at`, `updated_at`) VALUES (148, 31, 'earum', 2819, '2020-12-10 00:21:12', '2021-01-27 18:33:49');
INSERT INTO `media` (`id`, `user_id`, `filename`, `size`, `created_at`, `updated_at`) VALUES (149, 36, 'assumenda', 2448, '2021-01-19 15:37:27', '2020-07-04 01:19:59');
INSERT INTO `media` (`id`, `user_id`, `filename`, `size`, `created_at`, `updated_at`) VALUES (150, 78, 'quaerat', 1605, '2020-05-25 00:16:58', '2020-10-03 21:24:29');


-- Книги
INSERT INTO `books` (`id`, `name`, `media_id`, `author`, `description`, `publisher`, `isbn`, `publish_year`, `language_id`, `age`, `created_at`, `updated_at`) VALUES (1, 'ex', 86, 'Isaac Jast', 'Majesty,\' he began, \'for bringing these in: but I think I could, if I only wish they WOULD put their heads downward! The Antipathies, I think--\' (she was obliged to write with one finger, as he.', 'Pollich-Runolfsdottir', '4485275733850699', 2002, 5, '18+', '2014-01-18 17:03:50', '2020-04-12 20:52:50');
INSERT INTO `books` (`id`, `name`, `media_id`, `author`, `description`, `publisher`, `isbn`, `publish_year`, `language_id`, `age`, `created_at`, `updated_at`) VALUES (2, 'sed', 142, 'Dr. Milford Roberts IV', 'March Hare. Visit either you like: they\'re both mad.\' \'But I don\'t understand. Where did they live at the house, \"Let us both go to on the stairs. Alice knew it was a paper label, with the next.', 'Walter, Mann and Koepp', '5486058442994500', 1978, 8, '18+', '2012-07-26 20:04:56', '2020-11-17 10:13:59');
INSERT INTO `books` (`id`, `name`, `media_id`, `author`, `description`, `publisher`, `isbn`, `publish_year`, `language_id`, `age`, `created_at`, `updated_at`) VALUES (3, 'reiciendis', 46, 'Constance Daniel', 'The Panther took pie-crust, and gravy, and meat, While the Panther were sharing a pie--\' [later editions continued as follows The Panther took pie-crust, and gravy, and meat, While the Panther were.', 'Hills and Sons', '6011247059961956', 1977, 9, '18+', '2012-07-11 12:37:21', '2020-05-27 14:11:27');
INSERT INTO `books` (`id`, `name`, `media_id`, `author`, `description`, `publisher`, `isbn`, `publish_year`, `language_id`, `age`, `created_at`, `updated_at`) VALUES (4, 'voluptatum', 65, 'Ms. Asia Bergnaum Sr.', 'And so she helped herself to some tea and bread-and-butter, and then said, \'It was much pleasanter at home,\' thought poor Alice, \'it would be only rustling in the direction in which case it would be.', 'Kuvalis Inc', '6011584029792038', 1998, 2, '12+', '2018-08-28 20:33:03', '2020-09-28 16:59:06');
INSERT INTO `books` (`id`, `name`, `media_id`, `author`, `description`, `publisher`, `isbn`, `publish_year`, `language_id`, `age`, `created_at`, `updated_at`) VALUES (5, 'et', 34, 'Korey Wiza DDS', 'Turtle.\' These words were followed by a very deep well. Either the well was very fond of pretending to be a letter, written by the Hatter, and he checked himself suddenly: the others looked round.', 'Langosh, O\'Kon and Pollich', '4689803184598', 1973, 3, '0+', '2012-12-17 12:28:05', '2020-09-12 07:28:00');
INSERT INTO `books` (`id`, `name`, `media_id`, `author`, `description`, `publisher`, `isbn`, `publish_year`, `language_id`, `age`, `created_at`, `updated_at`) VALUES (6, 'inventore', 5, 'Dixie Terry II', 'It\'s the most important piece of it altogether; but after a few minutes she heard her sentence three of the month, and doesn\'t tell what o\'clock it is!\' \'Why should it?\' muttered the Hatter. Alice.', 'Cruickshank-Metz', '4556458477799419', 2000, 8, '12+', '2013-03-20 06:57:33', '2020-10-16 04:49:12');
INSERT INTO `books` (`id`, `name`, `media_id`, `author`, `description`, `publisher`, `isbn`, `publish_year`, `language_id`, `age`, `created_at`, `updated_at`) VALUES (7, 'debitis', 129, 'Colton Schaden', 'I wonder what was coming. It was the fan and two or three pairs of tiny white kid gloves in one hand and a fall, and a large one, but the Hatter replied. \'Of course they were\', said the Eaglet. \'I.', 'Schumm Ltd', '4485526710945253', 2016, 1, '0+', '2013-12-28 04:46:51', '2021-01-16 13:39:47');
INSERT INTO `books` (`id`, `name`, `media_id`, `author`, `description`, `publisher`, `isbn`, `publish_year`, `language_id`, `age`, `created_at`, `updated_at`) VALUES (8, 'illum', 18, 'Tara Langworth', 'Hatter, \'when the Queen furiously, throwing an inkstand at the sudden change, but she saw maps and pictures hung upon pegs. She took down a good many voices all talking at once, while all the while,.', 'Johnson-Heller', '6011188826028249', 2011, 6, '16+', '2015-07-10 01:33:22', '2021-01-13 07:34:55');
INSERT INTO `books` (`id`, `name`, `media_id`, `author`, `description`, `publisher`, `isbn`, `publish_year`, `language_id`, `age`, `created_at`, `updated_at`) VALUES (9, 'est', 73, 'Miss Alverta Howe V', 'She felt very glad to find it out, we should all have our heads cut off, you know. Come on!\' \'Everybody says \"come on!\" here,\' thought Alice, \'or perhaps they won\'t walk the way to explain the.', 'Gutmann, Moen and Leffler', '4024007164629', 2006, 4, '16+', '2014-05-12 19:56:55', '2020-10-20 23:01:08');
INSERT INTO `books` (`id`, `name`, `media_id`, `author`, `description`, `publisher`, `isbn`, `publish_year`, `language_id`, `age`, `created_at`, `updated_at`) VALUES (10, 'ut', 36, 'Dr. Fern Roberts V', 'The only things in the middle, wondering how she would have this cat removed!\' The Queen turned crimson with fury, and, after waiting till she was appealed to by all three dates on their backs was.', 'Nienow, Schowalter and Sipes', '6011747049239473', 1985, 7, '3+', '2019-08-20 15:16:20', '2020-10-25 14:35:29');
INSERT INTO `books` (`id`, `name`, `media_id`, `author`, `description`, `publisher`, `isbn`, `publish_year`, `language_id`, `age`, `created_at`, `updated_at`) VALUES (11, 'non', 53, 'Prof. Octavia Ward', 'But here, to Alice\'s side as she remembered trying to invent something!\' \'I--I\'m a little quicker. \'What a curious plan!\' exclaimed Alice. \'And where HAVE my shoulders got to? And oh, I wish I could.', 'Graham, Mitchell and Cruickshank', '5389989692286956', 2004, 4, '12+', '2014-04-05 06:06:25', '2021-02-16 15:16:28');
INSERT INTO `books` (`id`, `name`, `media_id`, `author`, `description`, `publisher`, `isbn`, `publish_year`, `language_id`, `age`, `created_at`, `updated_at`) VALUES (12, 'aliquam', 50, 'Mrs. Bert Rau', 'Mock Turtle, suddenly dropping his voice; and Alice was very provoking to find that her shoulders were nowhere to be sure, this generally happens when one eats cake, but Alice had no very clear.', 'Hane, Schneider and Halvorson', '5252777011161837', 1995, 7, '18+', '2014-12-22 17:13:58', '2020-07-30 09:21:08');
INSERT INTO `books` (`id`, `name`, `media_id`, `author`, `description`, `publisher`, `isbn`, `publish_year`, `language_id`, `age`, `created_at`, `updated_at`) VALUES (13, 'aut', 57, 'Khalil Hoeger', 'I must have been changed several times since then.\' \'What do you like to go and get in at the bottom of a large plate came skimming out, straight at the Queen, in a moment. \'Let\'s go on in a.', 'Spinka, Erdman and Howe', '5597346216870935', 1971, 7, '0+', '2017-12-09 08:46:25', '2020-06-01 17:33:58');
INSERT INTO `books` (`id`, `name`, `media_id`, `author`, `description`, `publisher`, `isbn`, `publish_year`, `language_id`, `age`, `created_at`, `updated_at`) VALUES (14, 'molestias', 143, 'Kathryne Walker', 'NO mistake about it: it was a general chorus of \'There goes Bill!\' then the Rabbit\'s little white kid gloves: she took up the fan and gloves. \'How queer it seems,\' Alice said to the little golden.', 'Gerlach Ltd', '5333114766156674', 2017, 5, '12+', '2015-12-26 05:18:33', '2021-03-22 06:59:04');
INSERT INTO `books` (`id`, `name`, `media_id`, `author`, `description`, `publisher`, `isbn`, `publish_year`, `language_id`, `age`, `created_at`, `updated_at`) VALUES (15, 'eius', 12, 'Kelley Brekke', 'I THINK,\' said Alice. \'I\'ve tried every way, and then she noticed that the Queen to play croquet.\' The Frog-Footman repeated, in the pool, and the pattern on their backs was the fan and the Dormouse.', 'Turcotte-Macejkovic', '5229937611718488', 1971, 1, '18+', '2015-11-08 02:22:13', '2020-12-18 04:20:27');
INSERT INTO `books` (`id`, `name`, `media_id`, `author`, `description`, `publisher`, `isbn`, `publish_year`, `language_id`, `age`, `created_at`, `updated_at`) VALUES (16, 'ut', 69, 'Mandy Christiansen III', 'The Footman seemed to have him with them,\' the Mock Turtle in the night? Let me see--how IS it to half-past one as long as I do,\' said the Hatter: \'as the things being alive; for instance, there\'s.', 'Ferry, Von and Maggio', '4916084520753', 1989, 9, '0+', '2012-05-06 14:38:59', '2020-09-07 13:16:01');
INSERT INTO `books` (`id`, `name`, `media_id`, `author`, `description`, `publisher`, `isbn`, `publish_year`, `language_id`, `age`, `created_at`, `updated_at`) VALUES (17, 'omnis', 149, 'Eleazar Feil III', 'She said this she looked up and walking away. \'You insult me by talking such nonsense!\' \'I didn\'t mean it!\' pleaded poor Alice in a very interesting dance to watch,\' said Alice, in a day or two:.', 'Wehner-Lockman', '5414909348689866', 1989, 3, '16+', '2014-10-08 09:56:37', '2020-11-21 23:48:01');
INSERT INTO `books` (`id`, `name`, `media_id`, `author`, `description`, `publisher`, `isbn`, `publish_year`, `language_id`, `age`, `created_at`, `updated_at`) VALUES (18, 'non', 12, 'Dameon Kub', 'Bill, I fancy--Who\'s to go through next walking about at the Duchess said to Alice, and her eyes to see that the pebbles were all writing very busily on slates. \'What are they doing?\' Alice.', 'Ratke Group', '6011299056438329', 1994, 7, '12+', '2014-07-06 12:34:50', '2020-12-10 20:41:43');
INSERT INTO `books` (`id`, `name`, `media_id`, `author`, `description`, `publisher`, `isbn`, `publish_year`, `language_id`, `age`, `created_at`, `updated_at`) VALUES (19, 'vitae', 110, 'Leann Rippin', 'Alice put down the hall. After a while, finding that nothing more happened, she decided to remain where she was holding, and she swam nearer to make it stop. \'Well, I\'d hardly finished the.', 'Oberbrunner, Hahn and Mann', '5358902672850393', 1984, 4, '16+', '2015-04-09 13:32:44', '2020-07-21 12:09:50');
INSERT INTO `books` (`id`, `name`, `media_id`, `author`, `description`, `publisher`, `isbn`, `publish_year`, `language_id`, `age`, `created_at`, `updated_at`) VALUES (20, 'minima', 86, 'Gino Stamm', 'The Mouse did not quite sure whether it was not going to remark myself.\' \'Have you seen the Mock Turtle: \'crumbs would all come wrong, and she at once in the sea, some children digging in the.', 'Von, Dare and Kuhn', '374019386028278', 1980, 5, '12+', '2016-03-17 02:49:36', '2020-07-19 05:58:16');
INSERT INTO `books` (`id`, `name`, `media_id`, `author`, `description`, `publisher`, `isbn`, `publish_year`, `language_id`, `age`, `created_at`, `updated_at`) VALUES (21, 'perferendis', 95, 'Mrs. Ebony Hettinger', 'He looked at it uneasily, shaking it every now and then, if I shall never get to the Queen. \'I never thought about it,\' added the Gryphon; and then said, \'It WAS a curious feeling!\' said Alice; \'you.', 'Deckow-Mohr', '6011770909909249', 2004, 7, '18+', '2016-10-07 15:46:13', '2020-09-08 10:57:56');
INSERT INTO `books` (`id`, `name`, `media_id`, `author`, `description`, `publisher`, `isbn`, `publish_year`, `language_id`, `age`, `created_at`, `updated_at`) VALUES (22, 'at', 137, 'Zechariah Gislason', 'She was walking by the fire, licking her paws and washing her face--and she is only a pack of cards!\' At this moment the King, \'that saves a world of trouble, you know, upon the other end of trials,.', 'Nikolaus-Jaskolski', '4485080286815801', 2003, 8, '16+', '2012-01-16 20:08:55', '2020-06-19 01:55:23');
INSERT INTO `books` (`id`, `name`, `media_id`, `author`, `description`, `publisher`, `isbn`, `publish_year`, `language_id`, `age`, `created_at`, `updated_at`) VALUES (23, 'rerum', 109, 'Luis Stehr', 'I hadn\'t begun my tea--not above a week or so--and what with the Queen,\' and she thought it must make me grow larger, I can listen all day to such stuff? Be off, or I\'ll have you executed, whether.', 'Herman, Jaskolski and Von', '5397229809850409', 1993, 4, '16+', '2012-07-06 00:03:11', '2021-01-22 08:21:39');
INSERT INTO `books` (`id`, `name`, `media_id`, `author`, `description`, `publisher`, `isbn`, `publish_year`, `language_id`, `age`, `created_at`, `updated_at`) VALUES (24, 'est', 106, 'Ms. Destinee Shields', 'She was a treacle-well.\' \'There\'s no sort of lullaby to it in her brother\'s Latin Grammar, \'A mouse--of a mouse--to a mouse--a mouse--O mouse!\') The Mouse did not like to show you! A little.', 'Quigley, Hane and Abernathy', '4556813565627749', 1986, 7, '3+', '2021-02-14 23:06:04', '2020-07-10 12:02:42');
INSERT INTO `books` (`id`, `name`, `media_id`, `author`, `description`, `publisher`, `isbn`, `publish_year`, `language_id`, `age`, `created_at`, `updated_at`) VALUES (25, 'laudantium', 106, 'Virginia Simonis', 'Bill\'s got the other--Bill! fetch it here, lad!--Here, put \'em up at the Gryphon interrupted in a hurry that she was out of the window, and some \'unimportant.\' Alice could see, as they used to do:--.', 'Hackett, Grimes and Wyman', '4024007141249606', 1986, 6, '16+', '2020-06-01 13:10:56', '2020-11-27 17:06:40');
INSERT INTO `books` (`id`, `name`, `media_id`, `author`, `description`, `publisher`, `isbn`, `publish_year`, `language_id`, `age`, `created_at`, `updated_at`) VALUES (26, 'aut', 82, 'Prof. Matteo Wiegand DVM', 'And she squeezed herself up on to her very much to-night, I should think it would be QUITE as much as she picked her way through the neighbouring pool--she could hear the very tones of the moment.', 'Kuphal, Rath and Fahey', '5242049144126455', 2008, 7, '18+', '2015-08-11 19:42:00', '2020-11-10 13:26:20');
INSERT INTO `books` (`id`, `name`, `media_id`, `author`, `description`, `publisher`, `isbn`, `publish_year`, `language_id`, `age`, `created_at`, `updated_at`) VALUES (27, 'libero', 84, 'Selena Roberts', 'Caucus-race.\' \'What IS the fun?\' said Alice. \'Of course it is,\' said the Dodo said, \'EVERYBODY has won, and all her knowledge of history, Alice had never left off writing on his spectacles and.', 'Hansen, Johnson and Blanda', '4916528974256691', 2017, 2, '18+', '2011-09-01 22:38:05', '2020-08-07 10:27:30');
INSERT INTO `books` (`id`, `name`, `media_id`, `author`, `description`, `publisher`, `isbn`, `publish_year`, `language_id`, `age`, `created_at`, `updated_at`) VALUES (28, 'est', 97, 'Stacy Weimann', 'I will just explain to you to sit down without being invited,\' said the Duchess: \'and the moral of THAT is--\"Take care of the other two were using it as to go down--Here, Bill! the master says.', 'Marvin-Bartoletti', '4437195958337', 1971, 6, '18+', '2011-06-07 07:39:04', '2021-01-18 09:51:03');
INSERT INTO `books` (`id`, `name`, `media_id`, `author`, `description`, `publisher`, `isbn`, `publish_year`, `language_id`, `age`, `created_at`, `updated_at`) VALUES (29, 'exercitationem', 148, 'Natalie Nolan', 'Alice said very humbly; \'I won\'t interrupt again. I dare say you\'re wondering why I don\'t remember where.\' \'Well, it must be a LITTLE larger, sir, if you please! \"William the Conqueror, whose cause.', 'Windler Inc', '4539088848299', 2010, 7, '0+', '2018-06-29 07:31:08', '2021-01-05 20:18:00');
INSERT INTO `books` (`id`, `name`, `media_id`, `author`, `description`, `publisher`, `isbn`, `publish_year`, `language_id`, `age`, `created_at`, `updated_at`) VALUES (30, 'similique', 3, 'Prof. Hunter Balistreri', 'I think?\' \'I had NOT!\' cried the Gryphon. \'Then, you know,\' said the one who got any advantage from the change: and Alice could only hear whispers now and then, if I can listen all day to such.', 'Klein LLC', '373360193533244', 2017, 8, '3+', '2019-03-19 01:57:30', '2020-06-07 10:16:57');
INSERT INTO `books` (`id`, `name`, `media_id`, `author`, `description`, `publisher`, `isbn`, `publish_year`, `language_id`, `age`, `created_at`, `updated_at`) VALUES (31, 'sunt', 32, 'Mallie Bauch', 'Panther received knife and fork with a teacup in one hand and a large arm-chair at one end to the table, but there was the only difficulty was, that she hardly knew what she did, she picked her way.', 'Lind, Beer and Von', '4929199771986686', 2012, 1, '3+', '2011-08-13 14:45:37', '2020-09-08 09:17:13');
INSERT INTO `books` (`id`, `name`, `media_id`, `author`, `description`, `publisher`, `isbn`, `publish_year`, `language_id`, `age`, `created_at`, `updated_at`) VALUES (32, 'aut', 96, 'Prof. Triston Christiansen DVM', 'The first question of course had to pinch it to his ear. Alice considered a little, and then sat upon it.) \'I\'m glad they\'ve begun asking riddles.--I believe I can listen all day to day.\' This was.', 'Steuber-Beatty', '4556540672193611', 2002, 8, '3+', '2016-02-12 19:05:56', '2020-07-07 13:12:01');
INSERT INTO `books` (`id`, `name`, `media_id`, `author`, `description`, `publisher`, `isbn`, `publish_year`, `language_id`, `age`, `created_at`, `updated_at`) VALUES (33, 'fugiat', 55, 'Anna Cummerata', 'Gryphon, and, taking Alice by the way, was the cat.) \'I hope they\'ll remember her saucer of milk at tea-time. Dinah my dear! I shall fall right THROUGH the earth! How funny it\'ll seem, sending.', 'Thompson, Purdy and Brown', '5360234334666778', 2000, 9, '0+', '2020-11-22 10:09:04', '2020-10-13 22:49:38');
INSERT INTO `books` (`id`, `name`, `media_id`, `author`, `description`, `publisher`, `isbn`, `publish_year`, `language_id`, `age`, `created_at`, `updated_at`) VALUES (34, 'repellendus', 88, 'Ms. Ima Will Sr.', 'We must have been changed for Mabel! I\'ll try if I shall never get to the dance. \'\"What matters it how far we go?\" his scaly friend replied. \"There is another shore, you know, with oh, such long.', 'Jakubowski-Stanton', '4929581318061113', 1974, 3, '3+', '2018-01-05 11:24:08', '2020-04-18 19:05:18');
INSERT INTO `books` (`id`, `name`, `media_id`, `author`, `description`, `publisher`, `isbn`, `publish_year`, `language_id`, `age`, `created_at`, `updated_at`) VALUES (35, 'repellendus', 23, 'Cloyd Eichmann', 'Cheshire Cat,\' said Alice: \'I don\'t see how the game began. Alice thought decidedly uncivil. \'But perhaps he can\'t help that,\' said the March Hare interrupted in a very long silence, broken only by.', 'Daugherty, Bednar and Skiles', '5503240318838469', 2008, 3, '3+', '2013-12-27 02:32:15', '2020-12-04 01:34:08');
INSERT INTO `books` (`id`, `name`, `media_id`, `author`, `description`, `publisher`, `isbn`, `publish_year`, `language_id`, `age`, `created_at`, `updated_at`) VALUES (36, 'veritatis', 130, 'Sidney Blanda', 'I think--\' (she was obliged to write with one finger pressed upon its forehead (the position in which the wretched Hatter trembled so, that he had taken advantage of the court. \'What do you want to.', 'Rutherford-Johnston', '4916099494447649', 1974, 7, '0+', '2020-04-09 21:59:31', '2021-01-12 09:04:53');
INSERT INTO `books` (`id`, `name`, `media_id`, `author`, `description`, `publisher`, `isbn`, `publish_year`, `language_id`, `age`, `created_at`, `updated_at`) VALUES (37, 'facere', 125, 'Lennie Leffler', 'Gryphon. \'I\'ve forgotten the words.\' So they got their tails in their proper places--ALL,\' he repeated with great curiosity. \'Soles and eels, of course,\' he said in a tone of great curiosity. \'Soles.', 'Purdy Inc', '5160899377156628', 2014, 5, '18+', '2014-09-20 23:01:05', '2021-01-07 19:42:41');
INSERT INTO `books` (`id`, `name`, `media_id`, `author`, `description`, `publisher`, `isbn`, `publish_year`, `language_id`, `age`, `created_at`, `updated_at`) VALUES (38, 'excepturi', 32, 'Graham Cartwright', 'I mean what I could shut up like telescopes: this time the Queen had never been so much contradicted in her brother\'s Latin Grammar, \'A mouse--of a mouse--to a mouse--a mouse--O mouse!\') The Mouse.', 'Hartmann, Gleichner and Crona', '5230215192551949', 2004, 2, '12+', '2019-12-28 12:21:20', '2020-04-03 00:35:46');
INSERT INTO `books` (`id`, `name`, `media_id`, `author`, `description`, `publisher`, `isbn`, `publish_year`, `language_id`, `age`, `created_at`, `updated_at`) VALUES (39, 'debitis', 73, 'Stanford Krajcik', 'Alice timidly. \'Would you like the three were all writing very busily on slates. \'What are tarts made of?\' Alice asked in a great deal to come out among the bright flower-beds and the executioner.', 'Halvorson-Pfannerstill', '5372004637758243', 1980, 2, '3+', '2019-06-14 02:32:26', '2021-02-25 16:04:06');
INSERT INTO `books` (`id`, `name`, `media_id`, `author`, `description`, `publisher`, `isbn`, `publish_year`, `language_id`, `age`, `created_at`, `updated_at`) VALUES (40, 'aperiam', 109, 'Ms. Kira Monahan II', 'Alice. \'Why, SHE,\' said the Mock Turtle said: \'no wise fish would go round a deal faster than it does.\' \'Which would NOT be an advantage,\' said Alice, whose thoughts were still running on the door.', 'Kiehn, Schowalter and Kirlin', '4485762175293590', 1999, 1, '12+', '2017-05-05 14:05:13', '2020-12-19 00:14:21');
INSERT INTO `books` (`id`, `name`, `media_id`, `author`, `description`, `publisher`, `isbn`, `publish_year`, `language_id`, `age`, `created_at`, `updated_at`) VALUES (41, 'et', 77, 'Arely Stark', 'Duck and a scroll of parchment in the air: it puzzled her very earnestly, \'Now, Dinah, tell me the truth: did you ever eat a bat?\' when suddenly, thump! thump! down she came up to the Knave of.', 'Stark, Conroy and Fritsch', '4024007178983', 1977, 7, '12+', '2014-05-09 13:41:04', '2020-05-14 12:22:34');
INSERT INTO `books` (`id`, `name`, `media_id`, `author`, `description`, `publisher`, `isbn`, `publish_year`, `language_id`, `age`, `created_at`, `updated_at`) VALUES (42, 'aperiam', 125, 'Kailee Schowalter', 'Alice found at first she would have appeared to them she heard the King exclaimed, turning to Alice, and looking anxiously about as curious as it left no mark on the back. However, it was a good.', 'Mann LLC', '4313324638701086', 2018, 2, '16+', '2019-11-25 03:05:48', '2021-03-13 10:12:37');
INSERT INTO `books` (`id`, `name`, `media_id`, `author`, `description`, `publisher`, `isbn`, `publish_year`, `language_id`, `age`, `created_at`, `updated_at`) VALUES (43, 'voluptatem', 2, 'Samantha Kilback', 'Rabbit coming to look at me like that!\' said Alice in a hot tureen! Who for such a long time with the other: the Duchess replied, in a mournful tone, \'he won\'t do a thing before, and behind it when.', 'Gerhold, Powlowski and Wilderman', '5578031338704963', 1986, 9, '18+', '2017-03-05 09:29:22', '2020-07-27 08:08:43');
INSERT INTO `books` (`id`, `name`, `media_id`, `author`, `description`, `publisher`, `isbn`, `publish_year`, `language_id`, `age`, `created_at`, `updated_at`) VALUES (44, 'quisquam', 148, 'Prof. Kathlyn Yost III', 'Dormouse. \'Fourteenth of March, I think I can do no more, whatever happens. What WILL become of me?\' Luckily for Alice, the little golden key in the night? Let me see: four times seven is--oh dear!.', 'Hilpert Ltd', '6011844615461610', 1998, 5, '3+', '2018-07-29 13:05:28', '2020-11-19 15:59:41');
INSERT INTO `books` (`id`, `name`, `media_id`, `author`, `description`, `publisher`, `isbn`, `publish_year`, `language_id`, `age`, `created_at`, `updated_at`) VALUES (45, 'cumque', 57, 'Katharina Baumbach', 'Lobster Quadrille?\' the Gryphon whispered in reply, \'for fear they should forget them before the end of the lefthand bit. * * * * * * * * * * * * * * * * * * * * * * * * * * * * * * * CHAPTER II..', 'Champlin Group', '6011132186779373', 1972, 8, '0+', '2016-02-11 15:10:46', '2021-01-21 05:33:20');
INSERT INTO `books` (`id`, `name`, `media_id`, `author`, `description`, `publisher`, `isbn`, `publish_year`, `language_id`, `age`, `created_at`, `updated_at`) VALUES (46, 'eveniet', 91, 'Stephan Wyman', 'Hatter hurriedly left the court, by the officers of the door as you can--\' \'Swim after them!\' screamed the Queen. \'Well, I should frighten them out with trying, the poor little thing sat down again.', 'Macejkovic-Mayert', '6011878709753800', 1997, 5, '16+', '2012-05-07 21:00:37', '2020-12-27 23:27:20');
INSERT INTO `books` (`id`, `name`, `media_id`, `author`, `description`, `publisher`, `isbn`, `publish_year`, `language_id`, `age`, `created_at`, `updated_at`) VALUES (47, 'cum', 37, 'Kelli Baumbach', 'WILL do next! If they had at the Mouse\'s tail; \'but why do you mean by that?\' said the Duchess; \'I never heard before, \'Sure then I\'m here! Digging for apples, yer honour!\' (He pronounced it.', 'Baumbach, Lehner and Emard', '5188855337829422', 2002, 1, '18+', '2016-10-15 04:07:37', '2020-11-26 02:29:01');
INSERT INTO `books` (`id`, `name`, `media_id`, `author`, `description`, `publisher`, `isbn`, `publish_year`, `language_id`, `age`, `created_at`, `updated_at`) VALUES (48, 'dolores', 8, 'Dr. Julien Fisher Jr.', 'Alice did not quite know what a wonderful dream it had grown to her usual height. It was all finished, the Owl, as a cushion, resting their elbows on it, (\'which certainly was not a moment to think.', 'Littel, McKenzie and Nicolas', '374911385449572', 1986, 3, '3+', '2016-09-27 17:06:59', '2021-02-20 20:45:44');
INSERT INTO `books` (`id`, `name`, `media_id`, `author`, `description`, `publisher`, `isbn`, `publish_year`, `language_id`, `age`, `created_at`, `updated_at`) VALUES (49, 'commodi', 3, 'Ariane Jerde II', 'Alice had learnt several things of this remark, and thought to herself, in a day is very confusing.\' \'It isn\'t,\' said the Mouse, sharply and very angrily. \'A knot!\' said Alice, rather doubtfully, as.', 'Collier, Brekke and Ruecker', '5361348734734548', 2015, 4, '12+', '2016-08-22 23:33:26', '2020-08-18 06:20:42');
INSERT INTO `books` (`id`, `name`, `media_id`, `author`, `description`, `publisher`, `isbn`, `publish_year`, `language_id`, `age`, `created_at`, `updated_at`) VALUES (50, 'in', 124, 'Janelle Douglas', 'Queen, who were all locked; and when she had hoped) a fan and two or three pairs of tiny white kid gloves in one hand and a great hurry. An enormous puppy was looking at the flowers and the fan, and.', 'Morar-Hills', '4916941543273', 2016, 9, '18+', '2014-04-14 21:47:30', '2021-03-21 07:00:14');
INSERT INTO `books` (`id`, `name`, `media_id`, `author`, `description`, `publisher`, `isbn`, `publish_year`, `language_id`, `age`, `created_at`, `updated_at`) VALUES (51, 'iste', 30, 'Frank Heaney', 'I ever heard!\' \'Yes, I think it was,\' the March Hare. \'Yes, please do!\' but the great hall, with the time,\' she said, by way of expressing yourself.\' The baby grunted again, and Alice joined the.', 'Reilly, Lakin and Turcotte', '5129480701056071', 1972, 1, '0+', '2015-08-25 21:00:42', '2020-10-06 14:46:03');
INSERT INTO `books` (`id`, `name`, `media_id`, `author`, `description`, `publisher`, `isbn`, `publish_year`, `language_id`, `age`, `created_at`, `updated_at`) VALUES (52, 'accusantium', 55, 'Zechariah Dooley', 'No, it\'ll never do to ask: perhaps I shall think nothing of the trees upon her face. \'Wake up, Dormouse!\' And they pinched it on both sides of it; then Alice dodged behind a great many teeth, so she.', 'Walker, Smitham and DuBuque', '5293871410123159', 1986, 5, '16+', '2017-12-04 23:55:41', '2020-12-16 12:03:44');
INSERT INTO `books` (`id`, `name`, `media_id`, `author`, `description`, `publisher`, `isbn`, `publish_year`, `language_id`, `age`, `created_at`, `updated_at`) VALUES (53, 'porro', 140, 'Nelson Lockman', 'Alice! when she went down to them, they set to work throwing everything within her reach at the mouth with strings: into this they slipped the guinea-pig, head first, and then, \'we went to school in.', 'Kautzer, Morissette and Eichmann', '4024007142078700', 1987, 5, '18+', '2017-10-06 04:31:09', '2020-08-05 20:17:57');
INSERT INTO `books` (`id`, `name`, `media_id`, `author`, `description`, `publisher`, `isbn`, `publish_year`, `language_id`, `age`, `created_at`, `updated_at`) VALUES (54, 'aut', 64, 'Esther Koepp', 'Dormouse denied nothing, being fast asleep. \'After that,\' continued the King. \'Then it doesn\'t understand English,\' thought Alice; \'but a grin without a cat! It\'s the most curious thing I ever saw.', 'Schultz, Boyer and Ullrich', '4916420394608', 2007, 9, '3+', '2013-04-03 09:24:32', '2020-12-29 14:10:51');
INSERT INTO `books` (`id`, `name`, `media_id`, `author`, `description`, `publisher`, `isbn`, `publish_year`, `language_id`, `age`, `created_at`, `updated_at`) VALUES (55, 'ipsam', 80, 'Susana Mitchell Jr.', 'Do you think, at your age, it is right?\' \'In my youth,\' said the Gryphon: \'I went to the tarts on the hearth and grinning from ear to ear. \'Please would you like to be a Caucus-race.\' \'What IS the.', 'Hilpert PLC', '5100542990000083', 2004, 9, '18+', '2014-07-04 12:04:50', '2021-01-24 05:14:39');
INSERT INTO `books` (`id`, `name`, `media_id`, `author`, `description`, `publisher`, `isbn`, `publish_year`, `language_id`, `age`, `created_at`, `updated_at`) VALUES (56, 'voluptate', 80, 'Noe Lesch', 'Time!\' \'Perhaps not,\' Alice replied eagerly, for she was quite tired of sitting by her sister kissed her, and the soldiers did. After these came the royal children; there were ten of them, and then.', 'Mante, Moen and Johns', '4532740223454335', 1979, 6, '12+', '2018-10-18 11:45:25', '2021-02-08 16:56:19');
INSERT INTO `books` (`id`, `name`, `media_id`, `author`, `description`, `publisher`, `isbn`, `publish_year`, `language_id`, `age`, `created_at`, `updated_at`) VALUES (57, 'ut', 97, 'Anahi Hessel', 'I ought to be two people! Why, there\'s hardly enough of it in large letters. It was the only difficulty was, that anything that looked like the tone of great surprise. \'Of course twinkling begins.', 'Lang, Schoen and Schaefer', '5243319123717639', 1987, 9, '16+', '2018-06-03 22:32:44', '2021-02-08 18:41:23');
INSERT INTO `books` (`id`, `name`, `media_id`, `author`, `description`, `publisher`, `isbn`, `publish_year`, `language_id`, `age`, `created_at`, `updated_at`) VALUES (58, 'architecto', 53, 'Rebekah Kertzmann', 'Gryphon. \'How the creatures order one about, and make THEIR eyes bright and eager with many a strange tale, perhaps even with the bones and the Queen, who had got its head impatiently, and walked.', 'Walsh-Bruen', '4556569869304586', 1997, 8, '18+', '2020-12-03 10:51:45', '2020-07-28 11:44:48');
INSERT INTO `books` (`id`, `name`, `media_id`, `author`, `description`, `publisher`, `isbn`, `publish_year`, `language_id`, `age`, `created_at`, `updated_at`) VALUES (59, 'facere', 73, 'Kirk Hudson', 'Gryphon at the house, and wondering what to do such a noise inside, no one else seemed inclined to say \'Drink me,\' but the cook had disappeared. \'Never mind!\' said the Cat, \'or you wouldn\'t squeeze.', 'Mertz-Howe', '5319492800049252', 1976, 8, '12+', '2014-11-29 20:39:08', '2020-11-22 09:15:36');
INSERT INTO `books` (`id`, `name`, `media_id`, `author`, `description`, `publisher`, `isbn`, `publish_year`, `language_id`, `age`, `created_at`, `updated_at`) VALUES (60, 'expedita', 35, 'Brandyn Heidenreich', 'Hatter and the little door about fifteen inches high: she tried to look for her, and the Queen\'s voice in the pool was getting so thin--and the twinkling of the trees under which she found this a.', 'Wilderman Group', '4929828058942025', 1985, 2, '16+', '2018-09-01 19:37:12', '2020-04-15 04:00:02');
INSERT INTO `books` (`id`, `name`, `media_id`, `author`, `description`, `publisher`, `isbn`, `publish_year`, `language_id`, `age`, `created_at`, `updated_at`) VALUES (61, 'in', 45, 'Van Dietrich', 'WHAT things?\' said the Hatter, and here the conversation a little. \'\'Tis so,\' said the Hatter: \'it\'s very easy to take MORE than nothing.\' \'Nobody asked YOUR opinion,\' said Alice. \'Of course not,\'.', 'Brakus-Reinger', '6011684299073658', 1983, 8, '0+', '2014-07-07 16:04:15', '2020-11-20 11:15:05');
INSERT INTO `books` (`id`, `name`, `media_id`, `author`, `description`, `publisher`, `isbn`, `publish_year`, `language_id`, `age`, `created_at`, `updated_at`) VALUES (62, 'fugiat', 104, 'Neha Toy', 'What made you so awfully clever?\' \'I have answered three questions, and that is enough,\' Said his father; \'don\'t give yourself airs! Do you think I must sugar my hair.\" As a duck with its wings..', 'Miller, Wunsch and Watsica', '4292933699874407', 2019, 7, '0+', '2011-04-20 03:55:45', '2020-10-11 13:48:16');
INSERT INTO `books` (`id`, `name`, `media_id`, `author`, `description`, `publisher`, `isbn`, `publish_year`, `language_id`, `age`, `created_at`, `updated_at`) VALUES (63, 'illum', 139, 'Dr. Damaris Bergstrom MD', 'Footman continued in the distance would take the roof of the jurors had a large mustard-mine near here. And the moral of that is--\"The more there is of finding morals in things!\' Alice began in a.', 'Murphy-Dibbert', '6011533372946419', 1973, 2, '3+', '2016-10-25 03:23:14', '2020-04-02 19:58:38');
INSERT INTO `books` (`id`, `name`, `media_id`, `author`, `description`, `publisher`, `isbn`, `publish_year`, `language_id`, `age`, `created_at`, `updated_at`) VALUES (64, 'eius', 14, 'Ms. Keara DuBuque PhD', 'Gryphon, half to Alice. \'Nothing,\' said Alice. \'Well, I should be raving mad after all! I almost wish I\'d gone to see you again, you dear old thing!\' said the Caterpillar. \'Is that all?\' said Alice,.', 'Denesik, Crooks and Kris', '5369127672514704', 1980, 3, '18+', '2014-08-10 10:57:41', '2020-07-04 03:07:40');
INSERT INTO `books` (`id`, `name`, `media_id`, `author`, `description`, `publisher`, `isbn`, `publish_year`, `language_id`, `age`, `created_at`, `updated_at`) VALUES (65, 'corporis', 137, 'Julianne Kutch', 'Alice. \'I\'ve tried the little golden key in the sea!\' cried the Gryphon. \'How the creatures order one about, and make one repeat lessons!\' thought Alice; \'only, as it\'s asleep, I suppose I ought to.', 'Rolfson-Simonis', '4916538616280603', 1975, 2, '18+', '2012-02-23 12:11:54', '2020-10-02 21:38:49');
INSERT INTO `books` (`id`, `name`, `media_id`, `author`, `description`, `publisher`, `isbn`, `publish_year`, `language_id`, `age`, `created_at`, `updated_at`) VALUES (66, 'a', 28, 'Kaleigh Trantow', 'Hatter: and in another minute the whole cause, and condemn you to get out of the same solemn tone, \'For the Duchess. \'Everything\'s got a moral, if only you can find it.\' And she went on planning to.', 'Runolfsson, Wunsch and Barrows', '5292557011489978', 2017, 5, '16+', '2019-07-03 18:25:43', '2021-03-03 18:11:07');
INSERT INTO `books` (`id`, `name`, `media_id`, `author`, `description`, `publisher`, `isbn`, `publish_year`, `language_id`, `age`, `created_at`, `updated_at`) VALUES (67, 'vero', 136, 'Prof. Margaretta Murazik Sr.', 'Mock Turtle. So she swallowed one of the March Hare. Alice was so much at this, that she knew that it was a sound of many footsteps, and Alice thought she had caught the baby was howling so much.', 'Kihn, Luettgen and Zemlak', '4532752680140', 1995, 7, '12+', '2015-01-01 12:18:25', '2020-12-12 23:23:06');
INSERT INTO `books` (`id`, `name`, `media_id`, `author`, `description`, `publisher`, `isbn`, `publish_year`, `language_id`, `age`, `created_at`, `updated_at`) VALUES (68, 'necessitatibus', 133, 'Wyatt Steuber', 'I\'ve often seen a good deal to ME,\' said the youth, \'one would hardly suppose That your eye was as much as serpents do, you know.\' Alice had learnt several things of this pool? I am now? That\'ll be.', 'Kerluke Ltd', '4929706881021119', 2003, 2, '0+', '2014-04-02 11:13:14', '2021-03-10 04:15:10');
INSERT INTO `books` (`id`, `name`, `media_id`, `author`, `description`, `publisher`, `isbn`, `publish_year`, `language_id`, `age`, `created_at`, `updated_at`) VALUES (69, 'facilis', 81, 'Anabelle Jakubowski', 'Alice watched the Queen added to one of the window, and on both sides at once. \'Give your evidence,\' said the Duchess, the Duchess! Oh! won\'t she be savage if I\'ve kept her eyes anxiously fixed on.', 'Brown, Weber and Brekke', '5433509965040129', 1984, 5, '16+', '2019-04-27 17:55:16', '2020-03-31 05:05:25');
INSERT INTO `books` (`id`, `name`, `media_id`, `author`, `description`, `publisher`, `isbn`, `publish_year`, `language_id`, `age`, `created_at`, `updated_at`) VALUES (70, 'quia', 17, 'Abelardo Runolfsson', 'Alice. \'I\'ve read that in some alarm. This time Alice waited patiently until it chose to speak first, \'why your cat grins like that?\' \'It\'s a pun!\' the King was the first witness,\' said the Mouse,.', 'Mante, Lang and Fisher', '4929114186694905', 1994, 5, '18+', '2012-03-13 05:12:49', '2021-03-04 05:36:06');
INSERT INTO `books` (`id`, `name`, `media_id`, `author`, `description`, `publisher`, `isbn`, `publish_year`, `language_id`, `age`, `created_at`, `updated_at`) VALUES (71, 'harum', 49, 'Brody Heathcote', 'Stop this moment, I tell you!\' But she waited patiently. \'Once,\' said the Gryphon. Alice did not quite know what it might belong to one of them with one elbow against the ceiling, and had to leave.', 'Collins-Bednar', '4916707858662', 2007, 7, '3+', '2011-03-26 04:59:24', '2021-01-16 04:15:19');
INSERT INTO `books` (`id`, `name`, `media_id`, `author`, `description`, `publisher`, `isbn`, `publish_year`, `language_id`, `age`, `created_at`, `updated_at`) VALUES (72, 'quo', 80, 'Miss Vivien Okuneva PhD', 'Pigeon had finished. \'As if it makes me grow larger, I can reach the key; and if it wasn\'t very civil of you to get through was more than that, if you drink much from a Caterpillar The Caterpillar.', 'Lowe LLC', '4716805301442652', 1982, 8, '0+', '2019-09-24 04:34:00', '2020-04-23 07:20:01');
INSERT INTO `books` (`id`, `name`, `media_id`, `author`, `description`, `publisher`, `isbn`, `publish_year`, `language_id`, `age`, `created_at`, `updated_at`) VALUES (73, 'sed', 99, 'Mrs. Marta Goodwin', 'WOULD always get into that beautiful garden--how IS that to be otherwise.\"\' \'I think you could only hear whispers now and then; such as, that a red-hot poker will burn you if you please! \"William.', 'Spinka, Schultz and Franecki', '5263671304139330', 1980, 7, '12+', '2014-06-15 22:00:54', '2020-11-02 21:25:10');
INSERT INTO `books` (`id`, `name`, `media_id`, `author`, `description`, `publisher`, `isbn`, `publish_year`, `language_id`, `age`, `created_at`, `updated_at`) VALUES (74, 'laudantium', 131, 'Mrs. Hannah Reilly', 'The poor little thing was to eat or drink under the hedge. In another minute there was enough of it had finished this short speech, they all crowded round her at the sudden change, but she did not.', 'Koelpin-Jones', '6011728723533821', 1981, 6, '0+', '2020-04-13 10:32:23', '2020-05-05 22:36:19');
INSERT INTO `books` (`id`, `name`, `media_id`, `author`, `description`, `publisher`, `isbn`, `publish_year`, `language_id`, `age`, `created_at`, `updated_at`) VALUES (75, 'non', 148, 'Zachary Lemke', 'Alice, very earnestly. \'I\'ve had nothing yet,\' Alice replied thoughtfully. \'They have their tails fast in their paws. \'And how do you know about this business?\' the King in a rather offended tone,.', 'Cummerata LLC', '4929303362720', 1992, 7, '18+', '2017-10-11 18:01:11', '2021-01-19 22:48:42');
INSERT INTO `books` (`id`, `name`, `media_id`, `author`, `description`, `publisher`, `isbn`, `publish_year`, `language_id`, `age`, `created_at`, `updated_at`) VALUES (76, 'consequuntur', 23, 'Fred Kohler', 'Gryphon went on. Her listeners were perfectly quiet till she heard a little irritated at the March Hare had just begun \'Well, of all her life. Indeed, she had grown up,\' she said to the table, but.', 'Mante LLC', '4532323093338761', 1988, 9, '16+', '2011-11-20 04:30:56', '2020-04-20 02:12:29');
INSERT INTO `books` (`id`, `name`, `media_id`, `author`, `description`, `publisher`, `isbn`, `publish_year`, `language_id`, `age`, `created_at`, `updated_at`) VALUES (77, 'quos', 81, 'Prof. Lane Wisoky', 'She\'ll get me executed, as sure as ferrets are ferrets! Where CAN I have to beat time when she caught it, and very soon finished it off. * * * * * * \'What a curious dream!\' said Alice, and she went.', 'Lemke Ltd', '5123411237947314', 1983, 2, '12+', '2016-02-24 22:14:36', '2021-02-27 05:14:38');
INSERT INTO `books` (`id`, `name`, `media_id`, `author`, `description`, `publisher`, `isbn`, `publish_year`, `language_id`, `age`, `created_at`, `updated_at`) VALUES (78, 'suscipit', 75, 'Kathleen Turcotte', 'Alice; but she got to go nearer till she was out of the earth. Let me see--how IS it to half-past one as long as you are; secondly, because she was peering about anxiously among the distant green.', 'Windler-Gorczany', '6011026261452795', 2012, 1, '12+', '2018-08-28 09:01:52', '2020-05-14 03:07:55');
INSERT INTO `books` (`id`, `name`, `media_id`, `author`, `description`, `publisher`, `isbn`, `publish_year`, `language_id`, `age`, `created_at`, `updated_at`) VALUES (79, 'itaque', 128, 'Mr. Maximilian Moen II', 'Mouse with an M--\' \'Why with an air of great surprise. \'Of course twinkling begins with an air of great dismay, and began picking them up again as quickly as she passed; it was looking about for it,.', 'Franecki Ltd', '5457991822010759', 1986, 5, '12+', '2013-12-21 13:07:27', '2021-03-03 19:54:19');
INSERT INTO `books` (`id`, `name`, `media_id`, `author`, `description`, `publisher`, `isbn`, `publish_year`, `language_id`, `age`, `created_at`, `updated_at`) VALUES (80, 'quia', 11, 'Miss Ida Collins', 'The chief difficulty Alice found at first she thought to herself. At this moment the King, and the bright eager eyes were looking up into a tidy little room with a knife, it usually bleeds; and she.', 'Klocko and Sons', '4024007181134', 1994, 2, '12+', '2018-08-15 21:18:50', '2020-08-21 17:30:54');
INSERT INTO `books` (`id`, `name`, `media_id`, `author`, `description`, `publisher`, `isbn`, `publish_year`, `language_id`, `age`, `created_at`, `updated_at`) VALUES (81, 'vitae', 36, 'Saige Lind', 'Bill, I fancy--Who\'s to go near the centre of the party were placed along the sea-shore--\' \'Two lines!\' cried the Mock Turtle, who looked at the bottom of the Mock Turtle persisted. \'How COULD he.', 'Jerde, Ebert and Towne', '5160963532579293', 2014, 3, '0+', '2018-05-10 12:22:01', '2020-10-18 06:52:40');
INSERT INTO `books` (`id`, `name`, `media_id`, `author`, `description`, `publisher`, `isbn`, `publish_year`, `language_id`, `age`, `created_at`, `updated_at`) VALUES (82, 'omnis', 35, 'Mr. Damian Kutch I', 'March Hare. The Hatter opened his eyes. He looked anxiously at the stick, running a very fine day!\' said a timid voice at her hands, and began:-- \'You are old, Father William,\' the young Crab, a.', 'Wilderman-Bernhard', '4519945782217', 2004, 3, '0+', '2019-04-07 21:48:33', '2020-11-05 22:49:40');
INSERT INTO `books` (`id`, `name`, `media_id`, `author`, `description`, `publisher`, `isbn`, `publish_year`, `language_id`, `age`, `created_at`, `updated_at`) VALUES (83, 'facere', 22, 'Eleanore Cole', 'King. \'It began with the tea,\' the Hatter instead!\' CHAPTER VII. A Mad Tea-Party There was a queer-shaped little creature, and held out its arms and legs in all my life!\' She had quite a commotion.', 'Bins-Hane', '370852600302536', 2007, 6, '16+', '2020-05-25 17:30:35', '2020-05-30 18:34:25');
INSERT INTO `books` (`id`, `name`, `media_id`, `author`, `description`, `publisher`, `isbn`, `publish_year`, `language_id`, `age`, `created_at`, `updated_at`) VALUES (84, 'quidem', 75, 'Lexie Donnelly', 'Dinah my dear! I shall ever see you any more!\' And here Alice began to tremble. Alice looked very anxiously into her face, and large eyes full of tears, \'I do wish I hadn\'t gone down that.', 'Boyer Inc', '4556907842232', 1991, 5, '12+', '2018-05-27 16:52:21', '2020-04-24 00:09:52');
INSERT INTO `books` (`id`, `name`, `media_id`, `author`, `description`, `publisher`, `isbn`, `publish_year`, `language_id`, `age`, `created_at`, `updated_at`) VALUES (85, 'temporibus', 33, 'Lane Maggio', 'It was the Rabbit came near her, she began, in a mournful tone, \'he won\'t do a thing as \"I get what I should frighten them out of the court with a smile. There was nothing on it in time,\' said the.', 'Hamill-Ratke', '4716228073419176', 1976, 5, '12+', '2014-08-08 07:15:23', '2020-10-08 07:46:57');
INSERT INTO `books` (`id`, `name`, `media_id`, `author`, `description`, `publisher`, `isbn`, `publish_year`, `language_id`, `age`, `created_at`, `updated_at`) VALUES (86, 'est', 83, 'Cleveland Berge', 'Alice turned and came flying down upon their faces, and the other bit. Her chin was pressed so closely against her foot, that there was Mystery,\' the Mock Turtle. \'And how many miles I\'ve fallen by.', 'Brakus, King and Quitzon', '5528730371517037', 1996, 3, '0+', '2018-11-18 10:44:01', '2020-06-14 13:56:08');
INSERT INTO `books` (`id`, `name`, `media_id`, `author`, `description`, `publisher`, `isbn`, `publish_year`, `language_id`, `age`, `created_at`, `updated_at`) VALUES (87, 'tempore', 139, 'Gregory Ruecker', 'THIS size: why, I should be raving mad after all! I almost think I must sugar my hair.\" As a duck with its arms and frowning at the thought that it would all come wrong, and she could see it written.', 'Feil PLC', '4797175821516924', 1973, 5, '16+', '2013-05-22 13:12:38', '2020-04-26 11:39:49');
INSERT INTO `books` (`id`, `name`, `media_id`, `author`, `description`, `publisher`, `isbn`, `publish_year`, `language_id`, `age`, `created_at`, `updated_at`) VALUES (88, 'ea', 140, 'Sasha Price Jr.', 'I can\'t show it you myself,\' the Mock Turtle with a table set out under a tree in the distance would take the roof of the busy farm-yard--while the lowing of the lefthand bit. * * * * * * * * * * *.', 'Keebler, Lindgren and Koss', '4539754085892', 1999, 1, '18+', '2014-09-16 01:44:00', '2020-11-07 21:22:30');
INSERT INTO `books` (`id`, `name`, `media_id`, `author`, `description`, `publisher`, `isbn`, `publish_year`, `language_id`, `age`, `created_at`, `updated_at`) VALUES (89, 'consequatur', 104, 'Alyce Denesik IV', 'Come on!\' So they had to sing you a couple?\' \'You are old,\' said the last word two or three pairs of tiny white kid gloves and a fan! Quick, now!\' And Alice was just possible it had been, it.', 'Hintz Group', '5465062332062274', 1986, 7, '18+', '2011-08-16 03:35:35', '2020-05-05 02:34:20');
INSERT INTO `books` (`id`, `name`, `media_id`, `author`, `description`, `publisher`, `isbn`, `publish_year`, `language_id`, `age`, `created_at`, `updated_at`) VALUES (90, 'quidem', 58, 'Grayce Schmeler', 'Down, down, down. There was a very difficult game indeed. The players all played at once crowded round it, panting, and asking, \'But who is Dinah, if I know THAT well enough; and what does it matter.', 'Heidenreich Inc', '5366017736324698', 1995, 3, '12+', '2012-11-20 22:03:24', '2020-09-17 06:28:37');
INSERT INTO `books` (`id`, `name`, `media_id`, `author`, `description`, `publisher`, `isbn`, `publish_year`, `language_id`, `age`, `created_at`, `updated_at`) VALUES (91, 'ab', 93, 'Dr. Hillard Kris DVM', 'Alice! Come here directly, and get ready for your interesting story,\' but she saw maps and pictures hung upon pegs. She took down a very little! Besides, SHE\'S she, and I\'m sure I have ordered\'; and.', 'Nikolaus-Reilly', '5323838488357022', 2007, 4, '16+', '2013-02-09 14:44:10', '2020-07-14 06:17:57');
INSERT INTO `books` (`id`, `name`, `media_id`, `author`, `description`, `publisher`, `isbn`, `publish_year`, `language_id`, `age`, `created_at`, `updated_at`) VALUES (92, 'placeat', 36, 'Hugh Green', 'Shakespeare, in the air. \'--as far out to sea. So they began running when they passed too close, and waving their forepaws to mark the time, while the Dodo managed it.) First it marked out a.', 'Stehr, Skiles and Langworth', '4916930719206360', 1987, 4, '18+', '2015-09-06 00:56:54', '2020-03-29 04:27:46');
INSERT INTO `books` (`id`, `name`, `media_id`, `author`, `description`, `publisher`, `isbn`, `publish_year`, `language_id`, `age`, `created_at`, `updated_at`) VALUES (93, 'magnam', 85, 'Citlalli Kirlin II', 'March--just before HE went mad, you know--\' (pointing with his nose Trims his belt and his buttons, and turns out his toes.\' [later editions continued as follows When the procession moved on, three.', 'Roberts, Hermiston and Boyer', '5238326711549520', 2015, 1, '12+', '2018-11-04 22:29:57', '2020-06-25 20:25:06');
INSERT INTO `books` (`id`, `name`, `media_id`, `author`, `description`, `publisher`, `isbn`, `publish_year`, `language_id`, `age`, `created_at`, `updated_at`) VALUES (94, 'omnis', 123, 'Gussie Herman V', 'Eaglet. \'I don\'t think they play at all what had become of me?\' Luckily for Alice, the little door, had vanished completely. Very soon the Rabbit asked. \'No, I give you fair warning,\' shouted the.', 'Weber, O\'Reilly and Stanton', '5240348054719757', 1992, 1, '12+', '2019-08-14 06:00:47', '2020-08-01 05:06:08');
INSERT INTO `books` (`id`, `name`, `media_id`, `author`, `description`, `publisher`, `isbn`, `publish_year`, `language_id`, `age`, `created_at`, `updated_at`) VALUES (95, 'aperiam', 90, 'Elian Dickens V', 'This was quite impossible to say it over) \'--yes, that\'s about the right distance--but then I wonder what they WILL do next! If they had a bone in his sleep, \'that \"I like what I was a dispute going.', 'Bruen, Jerde and Bahringer', '4929535172082', 1973, 9, '0+', '2016-01-04 10:09:24', '2020-04-25 19:49:20');
INSERT INTO `books` (`id`, `name`, `media_id`, `author`, `description`, `publisher`, `isbn`, `publish_year`, `language_id`, `age`, `created_at`, `updated_at`) VALUES (96, 'ducimus', 120, 'Wendy Gleichner', 'Alice, \'it would have called him a fish)--and rapped loudly at the window.\' \'THAT you won\'t\' thought Alice, \'to pretend to be two people! Why, there\'s hardly room to grow here,\' said the Duchess:.', 'Christiansen-Gislason', '5248562571732476', 1991, 8, '3+', '2013-03-02 02:17:32', '2020-06-21 18:51:18');
INSERT INTO `books` (`id`, `name`, `media_id`, `author`, `description`, `publisher`, `isbn`, `publish_year`, `language_id`, `age`, `created_at`, `updated_at`) VALUES (97, 'aut', 108, 'Shanel Hauck', 'White Rabbit was still in sight, and no one could possibly hear you.\' And certainly there was enough of me left to make SOME change in my time, but never ONE with such a puzzled expression that she.', 'O\'Conner-Waters', '5363032232823130', 1983, 5, '12+', '2013-03-29 10:58:19', '2020-06-03 08:21:50');
INSERT INTO `books` (`id`, `name`, `media_id`, `author`, `description`, `publisher`, `isbn`, `publish_year`, `language_id`, `age`, `created_at`, `updated_at`) VALUES (98, 'architecto', 7, 'Parker Dach', 'Dormouse, who was talking. Alice could see it quite plainly through the door, she walked up towards it rather timidly, as she went on: \'But why did they live at the bottom of a globe of goldfish she.', 'Johnston-Jones', '6011988488702156', 1988, 6, '12+', '2013-03-27 03:59:22', '2020-08-16 04:48:37');
INSERT INTO `books` (`id`, `name`, `media_id`, `author`, `description`, `publisher`, `isbn`, `publish_year`, `language_id`, `age`, `created_at`, `updated_at`) VALUES (99, 'minus', 69, 'Vella Upton Jr.', 'IS that to be patted on the floor, as it was over at last, more calmly, though still sobbing a little feeble, squeaking voice, (\'That\'s Bill,\' thought Alice,) \'Well, I can\'t get out of this.', 'Wolff, Parker and Kub', '374540565584328', 2010, 8, '16+', '2018-07-23 15:36:39', '2020-10-24 10:50:37');
INSERT INTO `books` (`id`, `name`, `media_id`, `author`, `description`, `publisher`, `isbn`, `publish_year`, `language_id`, `age`, `created_at`, `updated_at`) VALUES (100, 'quo', 36, 'Graham Braun III', 'I almost wish I could show you our cat Dinah: I think I could, if I know I do!\' said Alice very meekly: \'I\'m growing.\' \'You\'ve no right to grow up again! Let me see: four times five is twelve, and.', 'Kuvalis LLC', '5520735315142093', 1981, 9, '16+', '2012-08-30 00:25:23', '2020-09-10 15:38:21');


-- Комментарии
INSERT INTO `comments` (`id`, `book_id`, `user_id`, `body`, `created_at`, `updated_at`) VALUES (1, 94, 48, 'Rabbit began. Alice thought she might as well go back, and barking hoarsely all the right size, that it signifies much,\' she said to Alice, very much at this, she was now about a whiting before.\' \'I.', '2020-04-01 21:54:05', '2020-09-02 20:55:51');
INSERT INTO `comments` (`id`, `book_id`, `user_id`, `body`, `created_at`, `updated_at`) VALUES (2, 69, 17, 'Alice. \'Come on, then,\' said the King; and as the large birds complained that they would die. \'The trial cannot proceed,\' said the Hatter was out of breath, and till the puppy\'s bark sounded quite.', '2020-05-21 20:59:08', '2020-04-21 18:00:50');
INSERT INTO `comments` (`id`, `book_id`, `user_id`, `body`, `created_at`, `updated_at`) VALUES (3, 62, 19, 'All the time she saw maps and pictures hung upon pegs. She took down a very good advice, (though she very good-naturedly began hunting about for them, and then dipped suddenly down, so suddenly that.', '2021-02-02 09:43:26', '2020-10-03 17:56:05');
INSERT INTO `comments` (`id`, `book_id`, `user_id`, `body`, `created_at`, `updated_at`) VALUES (4, 16, 64, 'Alice again, for this time the Queen was in managing her flamingo: she succeeded in getting its body tucked away, comfortably enough, under her arm, with its wings. \'Serpent!\' screamed the Queen. \'I.', '2020-05-09 18:45:29', '2020-05-12 02:25:29');
INSERT INTO `comments` (`id`, `book_id`, `user_id`, `body`, `created_at`, `updated_at`) VALUES (5, 12, 61, 'Allow me to introduce some other subject of conversation. While she was surprised to see that she began shrinking directly. As soon as there was generally a ridge or furrow in the last word two or.', '2020-10-08 05:41:16', '2020-07-03 23:29:11');
INSERT INTO `comments` (`id`, `book_id`, `user_id`, `body`, `created_at`, `updated_at`) VALUES (6, 94, 8, 'However, she did not like the look of the legs of the bottle was NOT marked \'poison,\' it is I hate cats and dogs.\' It was the matter with it. There was a long sleep you\'ve had!\' \'Oh, I\'ve had such a.', '2020-12-21 07:08:25', '2020-10-06 08:54:47');
INSERT INTO `comments` (`id`, `book_id`, `user_id`, `body`, `created_at`, `updated_at`) VALUES (7, 15, 48, 'Duchess: you\'d better finish the story for yourself.\' \'No, please go on!\' Alice said with some surprise that the meeting adjourn, for the accident of the jury asked. \'That I can\'t quite follow it as.', '2020-05-30 13:44:18', '2021-03-15 01:13:06');
INSERT INTO `comments` (`id`, `book_id`, `user_id`, `body`, `created_at`, `updated_at`) VALUES (8, 76, 77, 'Alice went on, \'if you don\'t know one,\' said Alice, in a moment like a writing-desk?\' \'Come, we shall get on better.\' \'I\'d rather not,\' the Cat in a low, timid voice, \'If you can\'t help it,\' said.', '2020-08-21 23:48:01', '2020-08-13 04:25:48');
INSERT INTO `comments` (`id`, `book_id`, `user_id`, `body`, `created_at`, `updated_at`) VALUES (9, 2, 77, 'I have to whisper a hint to Time, and round Alice, every now and then; such as, \'Sure, I don\'t know,\' he went on so long that they couldn\'t get them out again. The rabbit-hole went straight on like.', '2021-02-03 05:57:56', '2020-11-16 11:34:50');
INSERT INTO `comments` (`id`, `book_id`, `user_id`, `body`, `created_at`, `updated_at`) VALUES (10, 65, 26, 'Queen said to live. \'I\'ve seen a good deal worse off than before, as the other.\' As soon as she could. \'The Dormouse is asleep again,\' said the Hatter. Alice felt so desperate that she was nine feet.', '2020-04-02 05:01:08', '2021-03-16 08:51:02');
INSERT INTO `comments` (`id`, `book_id`, `user_id`, `body`, `created_at`, `updated_at`) VALUES (11, 95, 12, 'This of course, to begin again, it was a different person then.\' \'Explain all that,\' he said to herself what such an extraordinary ways of living would be very likely it can be,\' said the Gryphon,.', '2020-07-23 18:59:18', '2020-06-30 02:11:27');
INSERT INTO `comments` (`id`, `book_id`, `user_id`, `body`, `created_at`, `updated_at`) VALUES (12, 94, 85, 'Normans--\" How are you thinking of?\' \'I beg your pardon!\' cried Alice in a great crash, as if nothing had happened. \'How am I to do?\' said Alice. \'I\'m glad I\'ve seen that done,\' thought Alice. \'I\'ve.', '2020-05-17 09:16:56', '2021-01-29 17:12:50');
INSERT INTO `comments` (`id`, `book_id`, `user_id`, `body`, `created_at`, `updated_at`) VALUES (13, 59, 25, 'And then, turning to Alice, and sighing. \'It IS the fun?\' said Alice. \'Oh, don\'t bother ME,\' said Alice in a thick wood. \'The first thing she heard something splashing about in the other: he came.', '2021-02-09 05:32:56', '2021-01-08 02:22:27');
INSERT INTO `comments` (`id`, `book_id`, `user_id`, `body`, `created_at`, `updated_at`) VALUES (14, 67, 51, 'My notion was that it would be only rustling in the middle. Alice kept her eyes filled with cupboards and book-shelves; here and there. There was a good many little girls in my own tears! That WILL.', '2020-10-09 17:04:53', '2020-12-03 13:59:08');
INSERT INTO `comments` (`id`, `book_id`, `user_id`, `body`, `created_at`, `updated_at`) VALUES (15, 6, 28, 'Alice. \'And be quick about it,\' said Alice a little glass table. \'Now, I\'ll manage better this time,\' she said to the game, the Queen said to herself, as usual. I wonder what I see\"!\' \'You might.', '2020-11-10 06:59:12', '2020-09-05 00:57:50');
INSERT INTO `comments` (`id`, `book_id`, `user_id`, `body`, `created_at`, `updated_at`) VALUES (16, 51, 39, 'Alice opened the door began sneezing all at once. The Dormouse slowly opened his eyes were nearly out of this elegant thimble\'; and, when it saw mine coming!\' \'How do you know the meaning of half.', '2021-02-11 21:12:01', '2020-05-03 18:23:42');
INSERT INTO `comments` (`id`, `book_id`, `user_id`, `body`, `created_at`, `updated_at`) VALUES (17, 25, 15, 'Alice asked. The Hatter shook his grey locks, \'I kept all my life!\' Just as she said this, she came upon a Gryphon, lying fast asleep in the act of crawling away: besides all this, there was mouth.', '2020-05-30 20:12:49', '2020-05-23 03:58:06');
INSERT INTO `comments` (`id`, `book_id`, `user_id`, `body`, `created_at`, `updated_at`) VALUES (18, 30, 15, 'In another moment down went Alice after it, never once considering how in the last words out loud, and the three were all talking at once, with a whiting. Now you know.\' \'And what an ignorant little.', '2020-11-20 10:20:39', '2020-10-05 10:06:53');
INSERT INTO `comments` (`id`, `book_id`, `user_id`, `body`, `created_at`, `updated_at`) VALUES (19, 39, 94, 'Ugh, Serpent!\' \'But I\'m NOT a serpent, I tell you, you coward!\' and at last came a rumbling of little cartwheels, and the Queen, and Alice, were in custody and under sentence of execution.\' \'What.', '2020-09-23 04:29:38', '2020-03-30 07:06:01');
INSERT INTO `comments` (`id`, `book_id`, `user_id`, `body`, `created_at`, `updated_at`) VALUES (20, 18, 98, 'Then she went hunting about, and shouting \'Off with their heads down and began to feel very sleepy and stupid), whether the blows hurt it or not. \'Oh, PLEASE mind what you\'re doing!\' cried Alice,.', '2020-06-23 00:18:06', '2020-06-09 00:18:01');
INSERT INTO `comments` (`id`, `book_id`, `user_id`, `body`, `created_at`, `updated_at`) VALUES (21, 8, 77, 'After a minute or two. \'They couldn\'t have wanted it much,\' said Alice, as she spoke, but no result seemed to be rude, so she went on, \'and most of \'em do.\' \'I don\'t see any wine,\' she remarked. \'It.', '2020-04-15 09:30:36', '2020-12-07 00:08:20');
INSERT INTO `comments` (`id`, `book_id`, `user_id`, `body`, `created_at`, `updated_at`) VALUES (22, 32, 78, 'I say--that\'s the same thing as \"I eat what I see\"!\' \'You might just as she passed; it was impossible to say it any longer than that,\' said the Duchess; \'I never could abide figures!\' And with that.', '2020-07-07 10:07:04', '2020-04-02 23:42:55');
INSERT INTO `comments` (`id`, `book_id`, `user_id`, `body`, `created_at`, `updated_at`) VALUES (23, 49, 81, 'After these came the royal children; there were three little sisters--they were learning to draw,\' the Dormouse turned out, and, by the fire, and at once set to work at once without waiting for the.', '2020-09-06 19:55:26', '2020-04-15 11:55:17');
INSERT INTO `comments` (`id`, `book_id`, `user_id`, `body`, `created_at`, `updated_at`) VALUES (24, 74, 15, 'Gryphon, before Alice could see, as they would go, and broke to pieces against one of them.\' In another moment it was over at last, and they walked off together, Alice heard the Queen was in March.\'.', '2020-10-29 13:38:01', '2020-10-15 15:58:24');
INSERT INTO `comments` (`id`, `book_id`, `user_id`, `body`, `created_at`, `updated_at`) VALUES (25, 8, 19, 'AND WASHING--extra.\"\' \'You couldn\'t have done just as if it thought that SOMEBODY ought to be nothing but out-of-the-way things had happened lately, that Alice could see her after the birds! Why,.', '2020-11-27 16:30:26', '2020-03-31 07:09:30');
INSERT INTO `comments` (`id`, `book_id`, `user_id`, `body`, `created_at`, `updated_at`) VALUES (26, 95, 48, 'Alice. \'You did,\' said the Cat: \'we\'re all mad here. I\'m mad. You\'re mad.\' \'How do you like the look of it altogether; but after a fashion, and this was her turn or not. So she stood looking at them.', '2020-06-16 02:51:56', '2020-04-11 05:09:22');
INSERT INTO `comments` (`id`, `book_id`, `user_id`, `body`, `created_at`, `updated_at`) VALUES (27, 41, 80, 'Hatter. \'I deny it!\' said the March Hare. \'Then it ought to be executed for having missed their turns, and she went back to the other side, the puppy began a series of short charges at the Cat\'s.', '2020-06-26 05:26:01', '2020-12-06 00:42:58');
INSERT INTO `comments` (`id`, `book_id`, `user_id`, `body`, `created_at`, `updated_at`) VALUES (28, 71, 54, 'THESE?\' said the Caterpillar contemptuously. \'Who are YOU?\' Which brought them back again to the confused clamour of the edge of the court. All this time she saw in my time, but never ONE with such.', '2021-03-03 11:29:36', '2020-07-16 02:32:12');
INSERT INTO `comments` (`id`, `book_id`, `user_id`, `body`, `created_at`, `updated_at`) VALUES (29, 87, 76, 'Hatter, \'you wouldn\'t talk about cats or dogs either, if you wouldn\'t squeeze so.\' said the Rabbit\'s voice; and the Queen, who had been to the Gryphon. Alice did not at all like the look of things.', '2020-07-23 14:39:20', '2020-04-25 23:39:03');
INSERT INTO `comments` (`id`, `book_id`, `user_id`, `body`, `created_at`, `updated_at`) VALUES (30, 69, 52, 'Alice caught the flamingo and brought it back, the fight was over, and both creatures hid their faces in their paws. \'And how do you know what they\'re about!\' \'Read them,\' said the Caterpillar.', '2020-06-17 05:17:32', '2020-06-27 09:06:43');
INSERT INTO `comments` (`id`, `book_id`, `user_id`, `body`, `created_at`, `updated_at`) VALUES (31, 100, 31, 'King said, for about the same thing a Lobster Quadrille is!\' \'No, indeed,\' said Alice. \'Why, you don\'t like them!\' When the Mouse was bristling all over, and both footmen, Alice noticed, had.', '2020-05-05 09:44:43', '2020-06-24 19:58:32');
INSERT INTO `comments` (`id`, `book_id`, `user_id`, `body`, `created_at`, `updated_at`) VALUES (32, 34, 15, 'Alice felt a little more conversation with her head!\' Those whom she sentenced were taken into custody by the time when I grow up, I\'ll write one--but I\'m grown up now,\' she said, \'than waste it in.', '2021-03-09 03:32:00', '2020-10-11 07:23:07');
INSERT INTO `comments` (`id`, `book_id`, `user_id`, `body`, `created_at`, `updated_at`) VALUES (33, 4, 75, 'III. A Caucus-Race and a crash of broken glass, from which she concluded that it might belong to one of them.\' In another minute the whole pack of cards!\' At this moment the King, who had been of.', '2020-11-11 23:53:28', '2020-09-27 21:51:09');
INSERT INTO `comments` (`id`, `book_id`, `user_id`, `body`, `created_at`, `updated_at`) VALUES (34, 94, 8, 'Next came an angry tone, \'Why, Mary Ann, what ARE you doing out here? Run home this moment, and fetch me a good way off, and she at once to eat some of the shelves as she spoke; \'either you or your.', '2020-08-06 20:49:44', '2020-10-12 18:29:27');
INSERT INTO `comments` (`id`, `book_id`, `user_id`, `body`, `created_at`, `updated_at`) VALUES (35, 72, 64, 'Jack-in-the-box, and up the conversation dropped, and the Queen say only yesterday you deserved to be afraid of them!\' \'And who are THESE?\' said the Caterpillar. \'Not QUITE right, I\'m afraid,\' said.', '2020-12-07 07:09:41', '2021-03-09 22:17:36');
INSERT INTO `comments` (`id`, `book_id`, `user_id`, `body`, `created_at`, `updated_at`) VALUES (36, 93, 97, 'I\'m afraid, sir\' said Alice, and sighing. \'It IS the same words as before, \'It\'s all about it!\' and he went on muttering over the list, feeling very glad that it would feel very queer to ME.\' \'You!\'.', '2020-03-21 09:29:53', '2020-07-21 18:27:11');
INSERT INTO `comments` (`id`, `book_id`, `user_id`, `body`, `created_at`, `updated_at`) VALUES (37, 34, 62, 'I\'ve got to?\' (Alice had no idea what Latitude or Longitude either, but thought they were mine before. If I or she fell very slowly, for she was quite silent for a good way off, and that in some.', '2020-09-20 02:28:01', '2020-07-06 06:18:50');
INSERT INTO `comments` (`id`, `book_id`, `user_id`, `body`, `created_at`, `updated_at`) VALUES (38, 67, 27, 'Duchess, \'and that\'s the jury-box,\' thought Alice, \'and those twelve creatures,\' (she was obliged to write with one finger pressed upon its nose. The Dormouse again took a great hurry. An enormous.', '2020-10-25 04:51:59', '2021-01-16 15:52:48');
INSERT INTO `comments` (`id`, `book_id`, `user_id`, `body`, `created_at`, `updated_at`) VALUES (39, 90, 59, 'But I\'ve got to see that queer little toss of her sister, as well say,\' added the Gryphon, and, taking Alice by the Queen was silent. The King laid his hand upon her face. \'Wake up, Dormouse!\' And.', '2020-08-09 03:16:16', '2020-10-21 04:30:05');
INSERT INTO `comments` (`id`, `book_id`, `user_id`, `body`, `created_at`, `updated_at`) VALUES (40, 86, 59, 'Alice was not a mile high,\' said Alice. \'Who\'s making personal remarks now?\' the Hatter replied. \'Of course not,\' Alice cautiously replied, not feeling at all a proper way of escape, and wondering.', '2020-08-15 19:16:52', '2021-03-09 12:00:04');
INSERT INTO `comments` (`id`, `book_id`, `user_id`, `body`, `created_at`, `updated_at`) VALUES (41, 88, 76, 'Alice. \'I\'ve tried every way, and then added them up, and there they lay sprawling about, reminding her very earnestly, \'Now, Dinah, tell me who YOU are, first.\' \'Why?\' said the Hatter, \'or you\'ll.', '2020-06-17 14:15:32', '2020-03-26 06:05:26');
INSERT INTO `comments` (`id`, `book_id`, `user_id`, `body`, `created_at`, `updated_at`) VALUES (42, 90, 50, 'Alice said very humbly; \'I won\'t have any rules in particular; at least, if there were TWO little shrieks, and more sounds of broken glass, from which she had caught the flamingo and brought it.', '2020-05-01 21:24:13', '2020-11-14 07:18:17');
INSERT INTO `comments` (`id`, `book_id`, `user_id`, `body`, `created_at`, `updated_at`) VALUES (43, 37, 34, 'GAVE HIM TWO--\" why, that must be a lesson to you never to lose YOUR temper!\' \'Hold your tongue, Ma!\' said the King, and the sounds will take care of themselves.\"\' \'How fond she is of yours.\"\' \'Oh,.', '2020-11-13 06:55:30', '2020-10-19 12:20:57');
INSERT INTO `comments` (`id`, `book_id`, `user_id`, `body`, `created_at`, `updated_at`) VALUES (44, 92, 67, 'Alice could see, as they lay sprawling about, reminding her very earnestly, \'Now, Dinah, tell me your history, you know,\' Alice gently remarked; \'they\'d have been changed for Mabel! I\'ll try if I.', '2021-03-10 04:12:40', '2020-07-04 10:47:13');
INSERT INTO `comments` (`id`, `book_id`, `user_id`, `body`, `created_at`, `updated_at`) VALUES (45, 93, 16, 'Duchess. \'I make you grow taller, and the cool fountains. CHAPTER VIII. The Queen\'s Croquet-Ground A large rose-tree stood near the entrance of the right-hand bit to try the effect: the next moment.', '2020-03-25 02:20:18', '2021-03-16 07:12:19');
INSERT INTO `comments` (`id`, `book_id`, `user_id`, `body`, `created_at`, `updated_at`) VALUES (46, 52, 34, 'March Hare, who had got its head down, and felt quite relieved to see the earth takes twenty-four hours to turn round on its axis--\' \'Talking of axes,\' said the Cat, \'or you wouldn\'t keep appearing.', '2020-10-05 11:50:32', '2020-08-11 17:48:13');
INSERT INTO `comments` (`id`, `book_id`, `user_id`, `body`, `created_at`, `updated_at`) VALUES (47, 77, 72, 'Suppress him! Pinch him! Off with his tea spoon at the other arm curled round her at the thought that SOMEBODY ought to tell me the list of singers. \'You may not have lived much under the window,.', '2020-07-18 01:03:29', '2020-07-15 02:18:08');
INSERT INTO `comments` (`id`, `book_id`, `user_id`, `body`, `created_at`, `updated_at`) VALUES (48, 88, 8, 'I can find them.\' As she said to herself, \'I don\'t quite understand you,\' she said, \'and see whether it\'s marked \"poison\" or not\'; for she thought, \'it\'s sure to kill it in large letters. It was the.', '2020-12-29 02:30:30', '2020-06-22 08:36:37');
INSERT INTO `comments` (`id`, `book_id`, `user_id`, `body`, `created_at`, `updated_at`) VALUES (49, 52, 13, 'I\'ve finished.\' So they went up to them she heard one of the doors of the words \'DRINK ME\' beautifully printed on it (as she had put on one knee. \'I\'m a poor man, your Majesty,\' said Two, in a more.', '2020-04-05 11:14:45', '2020-08-28 22:57:31');
INSERT INTO `comments` (`id`, `book_id`, `user_id`, `body`, `created_at`, `updated_at`) VALUES (50, 23, 48, 'Alice, \'it\'ll never do to hold it. As soon as there was nothing else to do, and perhaps after all it might belong to one of them can explain it,\' said the March Hare had just begun to dream that she.', '2020-08-02 00:56:37', '2020-04-19 09:09:45');
INSERT INTO `comments` (`id`, `book_id`, `user_id`, `body`, `created_at`, `updated_at`) VALUES (51, 99, 28, 'I wonder?\' As she said to the Dormouse, after thinking a minute or two. \'They couldn\'t have done that?\' she thought. \'But everything\'s curious today. I think I can kick a little!\' She drew her foot.', '2020-10-12 16:32:27', '2020-06-17 20:07:55');
INSERT INTO `comments` (`id`, `book_id`, `user_id`, `body`, `created_at`, `updated_at`) VALUES (52, 26, 2, 'Will you, won\'t you, won\'t you join the dance. So they had at the beginning,\' the King exclaimed, turning to the heads of the suppressed guinea-pigs, filled the air, mixed up with the end of the.', '2020-08-12 17:02:25', '2020-07-18 15:18:07');
INSERT INTO `comments` (`id`, `book_id`, `user_id`, `body`, `created_at`, `updated_at`) VALUES (53, 81, 29, 'I\'m pleased, and wag my tail when it\'s angry, and wags its tail about in the distance, screaming with passion. She had already heard her voice close to her lips. \'I know SOMETHING interesting is.', '2021-01-25 09:02:22', '2020-08-12 05:41:14');
INSERT INTO `comments` (`id`, `book_id`, `user_id`, `body`, `created_at`, `updated_at`) VALUES (54, 46, 77, 'I beg your acceptance of this ointment--one shilling the box-- Allow me to sell you a couple?\' \'You are all pardoned.\' \'Come, THAT\'S a good deal to ME,\' said Alice desperately: \'he\'s perfectly.', '2021-02-24 22:11:52', '2020-08-01 08:12:44');
INSERT INTO `comments` (`id`, `book_id`, `user_id`, `body`, `created_at`, `updated_at`) VALUES (55, 31, 43, 'They had a consultation about this, and she thought it would be like, \'--for they haven\'t got much evidence YET,\' she said to live. \'I\'ve seen hatters before,\' she said to herself, \'whenever I eat.', '2020-10-02 21:01:03', '2020-05-19 12:16:12');
INSERT INTO `comments` (`id`, `book_id`, `user_id`, `body`, `created_at`, `updated_at`) VALUES (56, 22, 2, 'Nile On every golden scale! \'How cheerfully he seems to suit them!\' \'I haven\'t opened it yet,\' said Alice; \'but a grin without a grin,\' thought Alice; \'only, as it\'s asleep, I suppose you\'ll be.', '2020-07-26 05:53:08', '2020-06-09 23:43:33');
INSERT INTO `comments` (`id`, `book_id`, `user_id`, `body`, `created_at`, `updated_at`) VALUES (57, 72, 10, 'The Queen had only one who had been to her, though, as they came nearer, Alice could think of anything else. CHAPTER V. Advice from a Caterpillar The Caterpillar and Alice joined the procession,.', '2020-12-05 10:23:22', '2020-11-12 11:25:38');
INSERT INTO `comments` (`id`, `book_id`, `user_id`, `body`, `created_at`, `updated_at`) VALUES (58, 5, 7, 'Gryphon, and the shrill voice of the cupboards as she leant against a buttercup to rest her chin upon Alice\'s shoulder, and it was not an encouraging tone. Alice looked round, eager to see it pop.', '2021-01-07 00:23:04', '2020-12-03 21:48:20');
INSERT INTO `comments` (`id`, `book_id`, `user_id`, `body`, `created_at`, `updated_at`) VALUES (59, 95, 23, 'Gryphon. \'Well, I hardly know--No more, thank ye; I\'m better now--but I\'m a hatter.\' Here the Dormouse say?\' one of its mouth open, gazing up into a pig, and she was shrinking rapidly; so she went.', '2020-10-30 22:50:12', '2020-07-11 07:57:20');
INSERT INTO `comments` (`id`, `book_id`, `user_id`, `body`, `created_at`, `updated_at`) VALUES (60, 24, 79, 'I hadn\'t to bring tears into her eyes--and still as she wandered about for some minutes. The Caterpillar and Alice heard the Rabbit say, \'A barrowful of WHAT?\' thought Alice; \'I must be really.', '2020-10-06 18:06:03', '2021-01-19 04:35:26');
INSERT INTO `comments` (`id`, `book_id`, `user_id`, `body`, `created_at`, `updated_at`) VALUES (61, 73, 91, 'Mabel! I\'ll try and say \"How doth the little--\"\' and she crossed her hands on her lap as if she were looking up into a pig, my dear,\' said Alice, who felt very lonely and low-spirited. In a minute.', '2020-08-21 11:46:44', '2021-01-14 20:20:36');
INSERT INTO `comments` (`id`, `book_id`, `user_id`, `body`, `created_at`, `updated_at`) VALUES (62, 47, 99, 'I almost think I can reach the key; and if I can remember feeling a little more conversation with her head!\' Alice glanced rather anxiously at the stick, and made another snatch in the lock, and to.', '2020-06-17 18:09:38', '2020-07-20 18:24:14');
INSERT INTO `comments` (`id`, `book_id`, `user_id`, `body`, `created_at`, `updated_at`) VALUES (63, 52, 16, 'HAVE you been doing here?\' \'May it please your Majesty!\' the Duchess sang the second time round, she came upon a low voice, to the jury, of course--\"I GAVE HER ONE, THEY GAVE HIM TWO--\" why, that.', '2020-07-05 19:38:37', '2020-05-05 22:57:06');
INSERT INTO `comments` (`id`, `book_id`, `user_id`, `body`, `created_at`, `updated_at`) VALUES (64, 11, 1, 'As she said to herself, \'Now, what am I to do?\' said Alice. \'Why, there they lay on the English coast you find a pleasure in all directions, tumbling up against each other; however, they got thrown.', '2020-05-02 20:10:36', '2020-06-06 17:25:10');
INSERT INTO `comments` (`id`, `book_id`, `user_id`, `body`, `created_at`, `updated_at`) VALUES (65, 88, 14, 'Alice again, for this time the Queen shrieked out. \'Behead that Dormouse! Turn that Dormouse out of the pack, she could not possibly reach it: she could not remember ever having heard of.', '2020-09-05 08:15:59', '2021-03-16 06:51:31');
INSERT INTO `comments` (`id`, `book_id`, `user_id`, `body`, `created_at`, `updated_at`) VALUES (66, 1, 19, 'Rabbit asked. \'No, I didn\'t,\' said Alice: \'--where\'s the Duchess?\' \'Hush! Hush!\' said the March Hare went \'Sh! sh!\' and the fan, and skurried away into the court, by the carrier,\' she thought; \'and.', '2020-09-22 06:07:29', '2020-08-17 01:41:00');
INSERT INTO `comments` (`id`, `book_id`, `user_id`, `body`, `created_at`, `updated_at`) VALUES (67, 7, 5, 'Come on!\' So they began running about in a solemn tone, only changing the order of the month, and doesn\'t tell what o\'clock it is!\' As she said to one of the court. All this time she had wept when.', '2021-02-13 17:54:49', '2020-10-28 22:27:05');
INSERT INTO `comments` (`id`, `book_id`, `user_id`, `body`, `created_at`, `updated_at`) VALUES (68, 81, 83, 'YOUR adventures.\' \'I could tell you my adventures--beginning from this side of WHAT?\' thought Alice; \'only, as it\'s asleep, I suppose it were white, but there were TWO little shrieks, and more.', '2020-11-13 01:47:16', '2021-01-22 20:15:49');
INSERT INTO `comments` (`id`, `book_id`, `user_id`, `body`, `created_at`, `updated_at`) VALUES (69, 92, 52, 'MINE.\' The Queen had ordered. They very soon finished off the subjects on his spectacles. \'Where shall I begin, please your Majesty?\' he asked. \'Begin at the Lizard in head downwards, and the little.', '2021-03-08 19:51:45', '2020-08-29 10:27:29');
INSERT INTO `comments` (`id`, `book_id`, `user_id`, `body`, `created_at`, `updated_at`) VALUES (70, 83, 57, 'Queen, pointing to Alice again. \'No, I give it up,\' Alice replied: \'what\'s the answer?\' \'I haven\'t opened it yet,\' said the youth, \'one would hardly suppose That your eye was as long as you say.', '2020-07-06 15:30:02', '2020-04-28 12:33:29');
INSERT INTO `comments` (`id`, `book_id`, `user_id`, `body`, `created_at`, `updated_at`) VALUES (71, 7, 64, 'Gryphon, and, taking Alice by the fire, licking her paws and washing her face--and she is such a thing as \"I eat what I like\"!\' \'You might just as she was saying, and the baby joined):-- \'Wow! wow!.', '2020-06-30 04:20:43', '2020-06-09 11:19:37');
INSERT INTO `comments` (`id`, `book_id`, `user_id`, `body`, `created_at`, `updated_at`) VALUES (72, 42, 15, 'I\'m never sure what I\'m going to be, from one minute to another! However, I\'ve got to?\' (Alice had been to her, though, as they lay on the trumpet, and called out, \'First witness!\' The first thing.', '2020-08-06 23:56:55', '2020-04-01 18:39:15');
INSERT INTO `comments` (`id`, `book_id`, `user_id`, `body`, `created_at`, `updated_at`) VALUES (73, 43, 98, 'Hare. \'Sixteenth,\' added the Queen. \'Can you play croquet?\' The soldiers were always getting up and rubbed its eyes: then it chuckled. \'What fun!\' said the Mock Turtle would be very likely true.).', '2020-11-09 09:51:50', '2020-09-30 16:28:05');
INSERT INTO `comments` (`id`, `book_id`, `user_id`, `body`, `created_at`, `updated_at`) VALUES (74, 18, 94, 'Hatter, \'or you\'ll be asleep again before it\'s done.\' \'Once upon a little glass box that was trickling down his face, as long as you are; secondly, because she was quite a long hookah, and taking.', '2020-08-12 08:44:54', '2020-04-12 02:12:11');
INSERT INTO `comments` (`id`, `book_id`, `user_id`, `body`, `created_at`, `updated_at`) VALUES (75, 9, 81, 'Turtle in a furious passion, and went on again:-- \'You may not have lived much under the circumstances. There was a very humble tone, going down on one knee as he said in a soothing tone: \'don\'t be.', '2020-08-04 02:42:53', '2021-02-04 07:50:13');
INSERT INTO `comments` (`id`, `book_id`, `user_id`, `body`, `created_at`, `updated_at`) VALUES (76, 82, 68, 'By the use of this elegant thimble\'; and, when it grunted again, so that her shoulders were nowhere to be treated with respect. \'Cheshire Puss,\' she began, rather timidly, saying to her ear. \'You\'re.', '2021-01-13 04:10:42', '2020-06-30 08:01:26');
INSERT INTO `comments` (`id`, `book_id`, `user_id`, `body`, `created_at`, `updated_at`) VALUES (77, 35, 94, 'Alice. \'Of course you don\'t!\' the Hatter went on, \'What\'s your name, child?\' \'My name is Alice, so please your Majesty!\' the soldiers shouted in reply. \'Idiot!\' said the voice. \'Fetch me my gloves.', '2020-03-21 06:39:19', '2020-03-29 00:51:58');
INSERT INTO `comments` (`id`, `book_id`, `user_id`, `body`, `created_at`, `updated_at`) VALUES (78, 93, 50, 'Alice replied very solemnly. Alice was not even get her head to keep back the wandering hair that curled all over their slates; \'but it seems to be sure, this generally happens when one eats cake,.', '2021-01-29 19:54:15', '2020-06-23 23:28:25');
INSERT INTO `comments` (`id`, `book_id`, `user_id`, `body`, `created_at`, `updated_at`) VALUES (79, 42, 51, 'King, and the party sat silent and looked anxiously round, to make SOME change in my life!\' Just as she could, and soon found an opportunity of showing off her head!\' the Queen left off, quite out.', '2021-02-19 08:21:36', '2020-11-25 15:06:11');
INSERT INTO `comments` (`id`, `book_id`, `user_id`, `body`, `created_at`, `updated_at`) VALUES (80, 66, 90, 'Queen. An invitation for the White Rabbit, who said in a melancholy tone. \'Nobody seems to suit them!\' \'I haven\'t opened it yet,\' said the Mock Turtle had just begun to think that there was a.', '2020-11-03 02:01:47', '2021-02-23 16:50:35');
INSERT INTO `comments` (`id`, `book_id`, `user_id`, `body`, `created_at`, `updated_at`) VALUES (81, 46, 14, 'Mock Turtle had just begun \'Well, of all her fancy, that: they never executes nobody, you know. Come on!\' So they couldn\'t get them out again. Suddenly she came upon a heap of sticks and dry leaves,.', '2021-01-06 00:02:35', '2020-10-07 18:13:50');
INSERT INTO `comments` (`id`, `book_id`, `user_id`, `body`, `created_at`, `updated_at`) VALUES (82, 7, 16, 'Queen. \'I never heard it say to itself in a shrill, passionate voice. \'Would YOU like cats if you like,\' said the Lory. Alice replied very readily: \'but that\'s because it stays the same as they were.', '2020-10-15 11:06:12', '2020-04-09 00:37:33');
INSERT INTO `comments` (`id`, `book_id`, `user_id`, `body`, `created_at`, `updated_at`) VALUES (83, 92, 96, 'I wonder?\' As she said to the other side. The further off from England the nearer is to give the hedgehog to, and, as the Lory positively refused to tell them something more. \'You promised to tell.', '2020-08-21 10:27:42', '2020-08-08 19:32:48');
INSERT INTO `comments` (`id`, `book_id`, `user_id`, `body`, `created_at`, `updated_at`) VALUES (84, 100, 94, 'CHAPTER IV. The Rabbit Sends in a whisper.) \'That would be worth the trouble of getting up and leave the court; but on second thoughts she decided on going into the earth. At last the Dodo could not.', '2020-12-30 22:18:31', '2020-05-25 14:06:12');
INSERT INTO `comments` (`id`, `book_id`, `user_id`, `body`, `created_at`, `updated_at`) VALUES (85, 35, 98, 'Alice, so please your Majesty?\' he asked. \'Begin at the beginning,\' the King said, for about the right distance--but then I wonder who will put on his spectacles and looked at the end of the.', '2020-04-11 00:32:37', '2021-02-13 15:08:40');
INSERT INTO `comments` (`id`, `book_id`, `user_id`, `body`, `created_at`, `updated_at`) VALUES (86, 90, 70, 'Hatter, and here the Mock Turtle replied; \'and then the Mock Turtle went on talking: \'Dear, dear! How queer everything is to-day! And yesterday things went on saying to herself as she left her,.', '2021-02-02 10:39:46', '2020-10-22 00:07:30');
INSERT INTO `comments` (`id`, `book_id`, `user_id`, `body`, `created_at`, `updated_at`) VALUES (87, 19, 95, 'Gryphon: \'I went to school every day--\' \'I\'VE been to the game, the Queen left off, quite out of this remark, and thought it over here,\' said the Duchess. \'Everything\'s got a moral, if only you can.', '2020-06-05 22:29:47', '2020-12-24 04:18:30');
INSERT INTO `comments` (`id`, `book_id`, `user_id`, `body`, `created_at`, `updated_at`) VALUES (88, 62, 64, 'Miss, this here ought to have lessons to learn! Oh, I shouldn\'t like THAT!\' \'Oh, you foolish Alice!\' she answered herself. \'How can you learn lessons in the last few minutes to see that the poor.', '2020-04-29 09:24:03', '2021-03-10 18:55:23');
INSERT INTO `comments` (`id`, `book_id`, `user_id`, `body`, `created_at`, `updated_at`) VALUES (89, 70, 34, 'I dare say you\'re wondering why I don\'t understand. Where did they draw the treacle from?\' \'You can draw water out of its mouth, and its great eyes half shut. This seemed to think to herself,.', '2021-01-12 14:38:23', '2020-09-22 07:07:51');
INSERT INTO `comments` (`id`, `book_id`, `user_id`, `body`, `created_at`, `updated_at`) VALUES (90, 17, 18, 'Hatter was the matter with it. There was a most extraordinary noise going on shrinking rapidly: she soon found herself in Wonderland, though she looked down at her for a minute, nurse! But I\'ve got.', '2020-12-31 15:28:37', '2021-02-03 10:02:25');
INSERT INTO `comments` (`id`, `book_id`, `user_id`, `body`, `created_at`, `updated_at`) VALUES (91, 34, 89, 'She\'ll get me executed, as sure as ferrets are ferrets! Where CAN I have dropped them, I wonder?\' As she said to Alice, and she was shrinking rapidly; so she went round the thistle again; then the.', '2020-08-31 04:38:18', '2020-08-21 16:52:48');
INSERT INTO `comments` (`id`, `book_id`, `user_id`, `body`, `created_at`, `updated_at`) VALUES (92, 36, 21, 'Either the well was very likely it can talk: at any rate, there\'s no harm in trying.\' So she began again: \'Ou est ma chatte?\' which was immediately suppressed by the way down one side and up I goes.', '2020-06-23 07:15:05', '2020-04-18 10:37:52');
INSERT INTO `comments` (`id`, `book_id`, `user_id`, `body`, `created_at`, `updated_at`) VALUES (93, 73, 7, 'How the Owl had the door between us. For instance, if you want to go! Let me see: I\'ll give them a new idea to Alice, that she might as well say,\' added the Dormouse, not choosing to notice this.', '2020-03-23 13:22:07', '2020-09-19 08:06:02');
INSERT INTO `comments` (`id`, `book_id`, `user_id`, `body`, `created_at`, `updated_at`) VALUES (94, 80, 29, 'Footman remarked, \'till tomorrow--\' At this moment the door and went on for some time without interrupting it. \'They were learning to draw,\' the Dormouse sulkily remarked, \'If you please, sir--\' The.', '2021-02-05 04:04:50', '2020-04-29 18:08:22');
INSERT INTO `comments` (`id`, `book_id`, `user_id`, `body`, `created_at`, `updated_at`) VALUES (95, 30, 38, 'As there seemed to listen, the whole window!\' \'Sure, it does, yer honour: but it\'s an arm for all that.\' \'Well, it\'s got no sorrow, you know. But do cats eat bats?\' and sometimes, \'Do bats eat.', '2020-09-14 03:06:09', '2020-12-03 00:31:03');
INSERT INTO `comments` (`id`, `book_id`, `user_id`, `body`, `created_at`, `updated_at`) VALUES (96, 2, 20, 'Presently she began thinking over all the first day,\' said the King, the Queen, who were giving it a minute or two, looking for it, while the rest were quite silent, and looked into its mouth and.', '2021-01-03 00:19:11', '2021-03-02 01:33:04');
INSERT INTO `comments` (`id`, `book_id`, `user_id`, `body`, `created_at`, `updated_at`) VALUES (97, 81, 50, 'I used to do:-- \'How doth the little door, had vanished completely. Very soon the Rabbit came up to the door, she ran across the field after it, and talking over its head. \'Very uncomfortable for.', '2021-02-12 03:45:24', '2021-01-11 03:42:09');
INSERT INTO `comments` (`id`, `book_id`, `user_id`, `body`, `created_at`, `updated_at`) VALUES (98, 69, 85, 'YOUR adventures.\' \'I could tell you just now what the next moment she felt that it might not escape again, and Alice was not even get her head to hide a smile: some of YOUR business, Two!\' said.', '2020-11-30 04:02:23', '2020-11-20 23:24:37');
INSERT INTO `comments` (`id`, `book_id`, `user_id`, `body`, `created_at`, `updated_at`) VALUES (99, 98, 29, 'Alas! it was YOUR table,\' said Alice; \'I daresay it\'s a very difficult question. However, at last she stretched her arms folded, quietly smoking a long hookah, and taking not the same, shedding.', '2021-02-18 15:38:27', '2021-01-26 00:05:18');
INSERT INTO `comments` (`id`, `book_id`, `user_id`, `body`, `created_at`, `updated_at`) VALUES (100, 48, 49, 'The Hatter was the same side of the March Hare said--\' \'I didn\'t!\' the March Hare. \'Sixteenth,\' added the March Hare interrupted in a ring, and begged the Mouse replied rather crossly: \'of course.', '2020-05-21 03:22:20', '2021-01-31 09:14:36');
INSERT INTO `comments` (`id`, `book_id`, `user_id`, `body`, `created_at`, `updated_at`) VALUES (101, 37, 46, 'RED rose-tree, and we put a white one in by mistake; and if it likes.\' \'I\'d rather not,\' the Cat in a tone of delight, and rushed at the jury-box, and saw that, in her haste, she had known them all.', '2020-11-11 14:00:30', '2020-11-09 09:22:15');
INSERT INTO `comments` (`id`, `book_id`, `user_id`, `body`, `created_at`, `updated_at`) VALUES (102, 63, 24, 'The Mouse did not look at all the rats and--oh dear!\' cried Alice, with a little faster?\" said a sleepy voice behind her. \'Collar that Dormouse,\' the Queen to-day?\' \'I should think it would not.', '2020-05-19 02:07:13', '2020-07-18 10:43:46');
INSERT INTO `comments` (`id`, `book_id`, `user_id`, `body`, `created_at`, `updated_at`) VALUES (103, 6, 24, 'She felt that it made no mark; but he now hastily began again, using the ink, that was said, and went on planning to herself \'Suppose it should be raving mad--at least not so mad as it lasted.).', '2020-06-07 16:57:30', '2021-01-02 01:48:28');
INSERT INTO `comments` (`id`, `book_id`, `user_id`, `body`, `created_at`, `updated_at`) VALUES (104, 74, 73, 'Dormouse into the darkness as hard as it turned round and round Alice, every now and then, \'we went to work very carefully, with one eye; but to get out of its mouth open, gazing up into hers--she.', '2021-01-11 01:20:15', '2021-02-28 17:43:16');
INSERT INTO `comments` (`id`, `book_id`, `user_id`, `body`, `created_at`, `updated_at`) VALUES (105, 45, 22, 'When the Mouse had changed his mind, and was going to begin with.\' \'A barrowful of WHAT?\' thought Alice \'without pictures or conversations?\' So she sat still just as the Rabbit, and had to stop and.', '2021-01-10 04:03:03', '2021-01-13 22:20:24');
INSERT INTO `comments` (`id`, `book_id`, `user_id`, `body`, `created_at`, `updated_at`) VALUES (106, 3, 15, 'Alice, they all cheered. Alice thought she had never left off quarrelling with the Queen, pointing to the dance. \'\"What matters it how far we go?\" his scaly friend replied. \"There is another shore,.', '2021-02-11 13:57:36', '2020-07-08 23:23:19');
INSERT INTO `comments` (`id`, `book_id`, `user_id`, `body`, `created_at`, `updated_at`) VALUES (107, 34, 32, 'Rabbit came near her, about the games now.\' CHAPTER X. The Lobster Quadrille is!\' \'No, indeed,\' said Alice. \'Then it doesn\'t matter which way she put one arm out of breath, and said nothing..', '2020-07-09 15:41:21', '2020-09-12 14:26:12');
INSERT INTO `comments` (`id`, `book_id`, `user_id`, `body`, `created_at`, `updated_at`) VALUES (108, 12, 10, 'Alice: he had never seen such a dear little puppy it was!\' said Alice, (she had grown so large in the house down!\' said the March Hare. \'It was the first position in which you usually see.', '2020-09-16 22:15:55', '2020-04-01 14:30:36');
INSERT INTO `comments` (`id`, `book_id`, `user_id`, `body`, `created_at`, `updated_at`) VALUES (109, 69, 72, 'This was such a curious plan!\' exclaimed Alice. \'And be quick about it,\' added the Dormouse, who seemed ready to ask any more HERE.\' \'But then,\' thought she, \'if people had all to lie down on the.', '2021-03-11 23:35:18', '2020-09-28 20:14:22');
INSERT INTO `comments` (`id`, `book_id`, `user_id`, `body`, `created_at`, `updated_at`) VALUES (110, 5, 13, 'An obstacle that came between Him, and ourselves, and it. Don\'t let me hear the Rabbit coming to look at me like that!\' He got behind him, and very soon found herself safe in a very good advice,.', '2020-09-01 01:17:24', '2020-07-04 20:08:33');
INSERT INTO `comments` (`id`, `book_id`, `user_id`, `body`, `created_at`, `updated_at`) VALUES (111, 98, 18, 'Lory, with a bound into the book her sister on the English coast you find a number of bathing machines in the shade: however, the moment he was going on, as she was now, and she grew no larger:.', '2021-02-17 19:30:39', '2020-03-31 06:59:48');
INSERT INTO `comments` (`id`, `book_id`, `user_id`, `body`, `created_at`, `updated_at`) VALUES (112, 3, 93, 'King, looking round the rosetree; for, you see, Miss, we\'re doing our best, afore she comes, to--\' At this moment the door opened inwards, and Alice\'s elbow was pressed so closely against her foot,.', '2020-08-25 08:28:55', '2020-12-25 02:58:51');
INSERT INTO `comments` (`id`, `book_id`, `user_id`, `body`, `created_at`, `updated_at`) VALUES (113, 70, 83, 'Dormouse. \'Don\'t talk nonsense,\' said Alice more boldly: \'you know you\'re growing too.\' \'Yes, but I THINK I can creep under the sea--\' (\'I haven\'t,\' said Alice)--\'and perhaps you haven\'t found it.', '2021-01-16 01:10:48', '2020-04-13 19:53:30');
INSERT INTO `comments` (`id`, `book_id`, `user_id`, `body`, `created_at`, `updated_at`) VALUES (114, 66, 19, 'Gryphon, sighing in his sleep, \'that \"I like what I like\"!\' \'You might just as she couldn\'t answer either question, it didn\'t much matter which way it was the matter on, What would become of it;.', '2020-10-05 06:19:18', '2020-11-16 05:43:41');
INSERT INTO `comments` (`id`, `book_id`, `user_id`, `body`, `created_at`, `updated_at`) VALUES (115, 30, 64, 'Alice ventured to taste it, and behind it when she found herself at last came a little pattering of footsteps in the distance, sitting sad and lonely on a little bit of mushroom, and her eyes filled.', '2020-12-18 03:49:02', '2021-02-08 23:55:21');
INSERT INTO `comments` (`id`, `book_id`, `user_id`, `body`, `created_at`, `updated_at`) VALUES (116, 28, 43, 'Mabel, for I know I do!\' said Alice angrily. \'It wasn\'t very civil of you to offer it,\' said the Caterpillar. \'I\'m afraid I can\'t put it more clearly,\' Alice replied very readily: \'but that\'s.', '2020-04-11 15:58:33', '2020-09-12 19:20:27');
INSERT INTO `comments` (`id`, `book_id`, `user_id`, `body`, `created_at`, `updated_at`) VALUES (117, 46, 59, 'For really this morning I\'ve nothing to what I say,\' the Mock Turtle angrily: \'really you are very dull!\' \'You ought to be afraid of it. She felt very glad that it was all finished, the Owl, as a.', '2020-07-29 10:46:42', '2020-07-21 00:55:04');
INSERT INTO `comments` (`id`, `book_id`, `user_id`, `body`, `created_at`, `updated_at`) VALUES (118, 15, 61, 'Oh dear! I\'d nearly forgotten that I\'ve got to?\' (Alice had no idea what Latitude was, or Longitude I\'ve got to?\' (Alice had no idea how confusing it is you hate--C and D,\' she added aloud. \'Do you.', '2020-10-16 23:42:19', '2020-07-19 08:42:36');
INSERT INTO `comments` (`id`, `book_id`, `user_id`, `body`, `created_at`, `updated_at`) VALUES (119, 14, 47, 'I tell you!\' said Alice. \'And be quick about it,\' added the Queen. \'Sentence first--verdict afterwards.\' \'Stuff and nonsense!\' said Alice doubtfully: \'it means--to--make--anything--prettier.\' \'Well,.', '2021-01-16 10:29:14', '2020-06-09 15:04:27');
INSERT INTO `comments` (`id`, `book_id`, `user_id`, `body`, `created_at`, `updated_at`) VALUES (120, 27, 33, 'I heard him declare, \"You have baked me too brown, I must go and take it away!\' There was a queer-shaped little creature, and held out its arms folded, frowning like a telescope.\' And so she went.', '2020-03-23 22:55:59', '2020-12-20 15:15:42');
INSERT INTO `comments` (`id`, `book_id`, `user_id`, `body`, `created_at`, `updated_at`) VALUES (121, 39, 59, 'Alice was beginning to think about stopping herself before she found her head through the air! Do you think you could manage it?) \'And what an ignorant little girl or a worm. The question is, Who in.', '2020-11-02 00:09:22', '2021-02-08 11:58:15');
INSERT INTO `comments` (`id`, `book_id`, `user_id`, `body`, `created_at`, `updated_at`) VALUES (122, 21, 19, 'Then it got down off the cake. * * * * \'What a funny watch!\' she remarked. \'There isn\'t any,\' said the Gryphon, and the March Hare. Visit either you like: they\'re both mad.\' \'But I don\'t care which.', '2020-09-08 04:00:46', '2020-04-21 00:23:20');
INSERT INTO `comments` (`id`, `book_id`, `user_id`, `body`, `created_at`, `updated_at`) VALUES (123, 97, 24, 'The Queen turned crimson with fury, and, after folding his arms and frowning at the door and went on in the sea. The master was an old conger-eel, that used to say.\' \'So he did, so he did,\' said the.', '2020-06-18 12:53:48', '2021-01-31 21:47:01');
INSERT INTO `comments` (`id`, `book_id`, `user_id`, `body`, `created_at`, `updated_at`) VALUES (124, 34, 31, 'Alice, who felt ready to talk nonsense. The Queen\'s Croquet-Ground A large rose-tree stood near the looking-glass. There was a little three-legged table, all made of solid glass; there was not a.', '2020-05-09 03:04:13', '2020-03-20 07:16:43');
INSERT INTO `comments` (`id`, `book_id`, `user_id`, `body`, `created_at`, `updated_at`) VALUES (125, 25, 70, 'I should think you\'ll feel it a very humble tone, going down on their faces, so that it would not join the dance?\"\' \'Thank you, it\'s a set of verses.\' \'Are they in the trial one way up as the Lory.', '2020-06-12 23:12:17', '2021-02-18 00:48:27');
INSERT INTO `comments` (`id`, `book_id`, `user_id`, `body`, `created_at`, `updated_at`) VALUES (126, 55, 33, 'Why, there\'s hardly room for her. \'I can tell you my history, and you\'ll understand why it is all the other queer noises, would change (she knew) to the other: the Duchess said in an offended tone,.', '2020-05-21 14:39:38', '2020-10-31 00:53:41');
INSERT INTO `comments` (`id`, `book_id`, `user_id`, `body`, `created_at`, `updated_at`) VALUES (127, 2, 65, 'No, no! You\'re a serpent; and there\'s no use in saying anything more till the eyes appeared, and then all the right words,\' said poor Alice, \'to pretend to be full of soup. \'There\'s certainly too.', '2020-03-29 11:39:44', '2020-06-16 10:41:43');
INSERT INTO `comments` (`id`, `book_id`, `user_id`, `body`, `created_at`, `updated_at`) VALUES (128, 34, 1, 'Alice was very fond of beheading people here; the great question certainly was, what? Alice looked down at them, and just as well she might, what a Mock Turtle drew a long and a sad tale!\' said the.', '2021-03-07 10:11:55', '2020-05-15 15:34:58');
INSERT INTO `comments` (`id`, `book_id`, `user_id`, `body`, `created_at`, `updated_at`) VALUES (129, 17, 15, 'I hadn\'t quite finished my tea when I grow up, I\'ll write one--but I\'m grown up now,\' she added in an offended tone, \'was, that the meeting adjourn, for the hot day made her look up in such.', '2020-07-08 11:03:14', '2021-03-02 11:16:00');
INSERT INTO `comments` (`id`, `book_id`, `user_id`, `body`, `created_at`, `updated_at`) VALUES (130, 18, 37, 'King, going up to them to be a great deal too far off to other parts of the evening, beautiful Soup! Beau--ootiful Soo--oop! Beau--ootiful Soo--oop! Beau--ootiful Soo--oop! Beau--ootiful Soo--oop!.', '2020-03-21 15:46:14', '2020-05-24 04:01:46');
INSERT INTO `comments` (`id`, `book_id`, `user_id`, `body`, `created_at`, `updated_at`) VALUES (131, 39, 61, 'I could show you our cat Dinah: I think I should understand that better,\' Alice said nothing: she had found her way into a conversation. Alice felt dreadfully puzzled. The Hatter\'s remark seemed to.', '2020-10-12 11:51:09', '2020-12-13 09:55:20');
INSERT INTO `comments` (`id`, `book_id`, `user_id`, `body`, `created_at`, `updated_at`) VALUES (132, 86, 86, 'Stigand, the patriotic archbishop of Canterbury, found it so quickly that the way out of his great wig.\' The judge, by the soldiers, who of course was, how to begin.\' He looked at Alice, as she.', '2020-08-16 18:42:32', '2021-01-11 19:33:00');
INSERT INTO `comments` (`id`, `book_id`, `user_id`, `body`, `created_at`, `updated_at`) VALUES (133, 12, 27, 'Which shall sing?\' \'Oh, YOU sing,\' said the Caterpillar. \'Well, I\'ve tried hedges,\' the Pigeon in a melancholy way, being quite unable to move. She soon got it out to sea. So they got thrown out to.', '2020-07-19 06:03:32', '2021-02-04 22:05:31');
INSERT INTO `comments` (`id`, `book_id`, `user_id`, `body`, `created_at`, `updated_at`) VALUES (134, 11, 56, 'Queen till she too began dreaming after a pause: \'the reason is, that there\'s any one of the water, and seemed to follow, except a little worried. \'Just about as curious as it spoke. \'As wet as.', '2020-05-26 06:50:21', '2020-06-28 16:58:10');
INSERT INTO `comments` (`id`, `book_id`, `user_id`, `body`, `created_at`, `updated_at`) VALUES (135, 65, 6, 'Heads below!\' (a loud crash)--\'Now, who did that?--It was Bill, the Lizard) could not taste theirs, and the other side of the leaves: \'I should like to try the first position in dancing.\' Alice.', '2020-11-04 12:17:09', '2020-08-18 11:24:13');
INSERT INTO `comments` (`id`, `book_id`, `user_id`, `body`, `created_at`, `updated_at`) VALUES (136, 39, 53, 'Puss,\' she began, in a whisper.) \'That would be the best way you have just been picked up.\' \'What\'s in it?\' said the March Hare and his friends shared their never-ending meal, and the jury consider.', '2020-08-26 07:58:22', '2020-07-19 11:11:37');
INSERT INTO `comments` (`id`, `book_id`, `user_id`, `body`, `created_at`, `updated_at`) VALUES (137, 65, 62, 'Alice quietly said, just as well she might, what a long breath, and till the puppy\'s bark sounded quite faint in the air. This time Alice waited till the puppy\'s bark sounded quite faint in the.', '2020-12-01 12:35:14', '2020-07-31 03:52:00');
INSERT INTO `comments` (`id`, `book_id`, `user_id`, `body`, `created_at`, `updated_at`) VALUES (138, 53, 70, 'Rabbit, and had just begun \'Well, of all the time she heard her voice sounded hoarse and strange, and the cool fountains. CHAPTER VIII. The Queen\'s argument was, that you have of putting things!\'.', '2021-01-11 05:19:23', '2020-12-27 08:21:30');
INSERT INTO `comments` (`id`, `book_id`, `user_id`, `body`, `created_at`, `updated_at`) VALUES (139, 12, 62, 'The Queen smiled and passed on. \'Who ARE you doing out here? Run home this moment, I tell you!\' But she waited for some minutes. The Caterpillar and Alice rather unwillingly took the cauldron of.', '2021-02-25 07:33:02', '2020-10-06 18:46:56');
INSERT INTO `comments` (`id`, `book_id`, `user_id`, `body`, `created_at`, `updated_at`) VALUES (140, 25, 11, 'I hadn\'t cried so much!\' Alas! it was quite impossible to say it over) \'--yes, that\'s about the crumbs,\' said the Caterpillar. \'Well, I\'ve tried hedges,\' the Pigeon had finished. \'As if it had.', '2021-02-19 11:26:52', '2020-10-31 22:43:20');
INSERT INTO `comments` (`id`, `book_id`, `user_id`, `body`, `created_at`, `updated_at`) VALUES (141, 73, 18, 'But the snail replied \"Too far, too far!\" and gave a look askance-- Said he thanked the whiting kindly, but he now hastily began again, using the ink, that was linked into hers began to cry again..', '2020-05-25 04:30:06', '2020-05-20 23:01:51');
INSERT INTO `comments` (`id`, `book_id`, `user_id`, `body`, `created_at`, `updated_at`) VALUES (142, 38, 15, 'Footman\'s head: it just now.\' \'It\'s the first figure!\' said the cook. \'Treacle,\' said the Caterpillar. \'Well, perhaps your feelings may be ONE.\' \'One, indeed!\' said the Rabbit\'s little white kid.', '2020-06-01 09:43:21', '2021-01-26 08:50:31');
INSERT INTO `comments` (`id`, `book_id`, `user_id`, `body`, `created_at`, `updated_at`) VALUES (143, 89, 69, 'Mouse, who seemed ready to agree to everything that Alice had not a mile high,\' said Alice. \'Why not?\' said the March Hare. The Hatter shook his grey locks, \'I kept all my limbs very supple By the.', '2020-03-21 00:59:06', '2020-11-18 18:11:39');
INSERT INTO `comments` (`id`, `book_id`, `user_id`, `body`, `created_at`, `updated_at`) VALUES (144, 79, 98, 'March Hare. \'Then it doesn\'t mind.\' The table was a very short time the Queen furiously, throwing an inkstand at the Queen, but she did it at all; however, she went on. \'We had the dish as its share.', '2020-06-22 21:43:30', '2021-02-23 01:58:53');
INSERT INTO `comments` (`id`, `book_id`, `user_id`, `body`, `created_at`, `updated_at`) VALUES (145, 69, 92, 'Alice began to get in at the Queen, in a hurry that she did not much larger than a pig, my dear,\' said Alice, rather doubtfully, as she came suddenly upon an open place, with a teacup in one hand.', '2021-01-18 05:31:41', '2020-07-19 12:50:11');
INSERT INTO `comments` (`id`, `book_id`, `user_id`, `body`, `created_at`, `updated_at`) VALUES (146, 56, 18, 'Alice. \'Then you shouldn\'t talk,\' said the Hatter. \'Does YOUR watch tell you my adventures--beginning from this side of WHAT?\' thought Alice; \'only, as it\'s asleep, I suppose Dinah\'ll be sending me.', '2021-01-24 04:44:30', '2020-08-26 11:02:39');
INSERT INTO `comments` (`id`, `book_id`, `user_id`, `body`, `created_at`, `updated_at`) VALUES (147, 73, 100, 'Suppress him! Pinch him! Off with his whiskers!\' For some minutes it puffed away without speaking, but at the thought that it would make with the Queen,\' and she sat on, with closed eyes, and feebly.', '2020-12-01 10:22:33', '2021-01-15 23:48:54');
INSERT INTO `comments` (`id`, `book_id`, `user_id`, `body`, `created_at`, `updated_at`) VALUES (148, 1, 95, 'The Hatter shook his head off outside,\' the Queen was close behind her, listening: so she went back for a few yards off. The Cat only grinned when it saw mine coming!\' \'How do you know about it, and.', '2020-05-01 17:50:06', '2020-03-27 18:37:52');
INSERT INTO `comments` (`id`, `book_id`, `user_id`, `body`, `created_at`, `updated_at`) VALUES (149, 99, 65, 'For, you see, so many out-of-the-way things had happened lately, that Alice could not be denied, so she waited. The Gryphon sat up and rubbed its eyes: then it watched the White Rabbit, \'but it.', '2020-10-09 08:54:22', '2020-12-29 17:42:51');
INSERT INTO `comments` (`id`, `book_id`, `user_id`, `body`, `created_at`, `updated_at`) VALUES (150, 79, 84, 'I think I can go back and finish your story!\' Alice called out in a deep voice, \'are done with blacking, I believe.\' \'Boots and shoes under the table: she opened the door of the trial.\' \'Stupid.', '2020-04-01 06:52:48', '2020-06-17 22:32:57');


-- Дружба
INSERT INTO `friendship` (`user_id`, `friend_id`, `friendship_status_id`, `requested_at`, `confirmed_at`, `created_at`, `updated_at`) VALUES (1, 53, 1, '2019-09-18 09:58:28', '2019-07-14 04:00:52', '2014-08-10 19:37:59', '2020-05-24 08:47:39');
INSERT INTO `friendship` (`user_id`, `friend_id`, `friendship_status_id`, `requested_at`, `confirmed_at`, `created_at`, `updated_at`) VALUES (2, 22, 1, '2015-05-17 14:17:14', '2016-07-22 16:24:46', '2019-07-09 00:19:41', '2020-07-12 10:03:38');
INSERT INTO `friendship` (`user_id`, `friend_id`, `friendship_status_id`, `requested_at`, `confirmed_at`, `created_at`, `updated_at`) VALUES (3, 34, 2, '2012-07-04 14:29:58', '2011-04-19 12:33:30', '2015-11-04 19:49:34', '2020-07-19 18:08:01');
INSERT INTO `friendship` (`user_id`, `friend_id`, `friendship_status_id`, `requested_at`, `confirmed_at`, `created_at`, `updated_at`) VALUES (4, 40, 1, '2017-08-15 06:10:23', '2017-10-06 23:51:24', '2016-10-10 11:13:51', '2020-05-04 23:05:02');
INSERT INTO `friendship` (`user_id`, `friend_id`, `friendship_status_id`, `requested_at`, `confirmed_at`, `created_at`, `updated_at`) VALUES (5, 35, 1, '2017-08-10 14:10:57', '2018-02-10 21:12:01', '2016-10-27 01:03:06', '2020-05-08 01:05:50');
INSERT INTO `friendship` (`user_id`, `friend_id`, `friendship_status_id`, `requested_at`, `confirmed_at`, `created_at`, `updated_at`) VALUES (6, 51, 1, '2018-11-17 08:28:57', '2016-06-22 13:57:48', '2016-12-09 08:07:24', '2021-03-12 10:31:14');
INSERT INTO `friendship` (`user_id`, `friend_id`, `friendship_status_id`, `requested_at`, `confirmed_at`, `created_at`, `updated_at`) VALUES (7, 36, 2, '2015-04-28 16:33:36', '2017-08-25 20:28:16', '2016-03-28 07:32:19', '2021-01-10 02:35:47');
INSERT INTO `friendship` (`user_id`, `friend_id`, `friendship_status_id`, `requested_at`, `confirmed_at`, `created_at`, `updated_at`) VALUES (8, 72, 2, '2011-06-20 06:38:37', '2013-04-23 05:00:03', '2016-01-13 02:23:56', '2020-03-23 00:30:52');
INSERT INTO `friendship` (`user_id`, `friend_id`, `friendship_status_id`, `requested_at`, `confirmed_at`, `created_at`, `updated_at`) VALUES (9, 37, 1, '2020-08-27 03:48:10', '2015-02-23 16:15:32', '2017-02-02 00:00:55', '2020-05-11 01:59:17');
INSERT INTO `friendship` (`user_id`, `friend_id`, `friendship_status_id`, `requested_at`, `confirmed_at`, `created_at`, `updated_at`) VALUES (10, 50, 3, '2011-05-31 03:01:01', '2014-08-11 14:01:05', '2017-03-05 14:34:27', '2020-10-17 00:15:31');
INSERT INTO `friendship` (`user_id`, `friend_id`, `friendship_status_id`, `requested_at`, `confirmed_at`, `created_at`, `updated_at`) VALUES (11, 25, 2, '2020-04-10 14:18:00', '2019-02-07 21:00:37', '2020-10-11 00:10:47', '2020-06-01 09:32:38');
INSERT INTO `friendship` (`user_id`, `friend_id`, `friendship_status_id`, `requested_at`, `confirmed_at`, `created_at`, `updated_at`) VALUES (12, 35, 2, '2018-02-08 20:44:50', '2019-02-20 14:01:17', '2014-04-10 17:59:01', '2020-11-29 09:07:30');
INSERT INTO `friendship` (`user_id`, `friend_id`, `friendship_status_id`, `requested_at`, `confirmed_at`, `created_at`, `updated_at`) VALUES (13, 100, 2, '2014-06-30 20:53:53', '2011-08-18 06:10:50', '2016-03-14 06:35:10', '2021-02-22 23:01:19');
INSERT INTO `friendship` (`user_id`, `friend_id`, `friendship_status_id`, `requested_at`, `confirmed_at`, `created_at`, `updated_at`) VALUES (14, 32, 2, '2017-08-16 13:12:26', '2013-08-30 22:40:38', '2014-04-09 04:06:12', '2020-09-17 04:15:12');
INSERT INTO `friendship` (`user_id`, `friend_id`, `friendship_status_id`, `requested_at`, `confirmed_at`, `created_at`, `updated_at`) VALUES (15, 100, 3, '2013-03-09 04:19:19', '2016-11-30 14:34:09', '2018-10-05 20:39:24', '2021-02-22 08:15:36');
INSERT INTO `friendship` (`user_id`, `friend_id`, `friendship_status_id`, `requested_at`, `confirmed_at`, `created_at`, `updated_at`) VALUES (16, 96, 3, '2020-02-15 00:21:08', '2012-12-29 14:52:37', '2021-01-11 08:24:55', '2021-01-05 01:15:08');
INSERT INTO `friendship` (`user_id`, `friend_id`, `friendship_status_id`, `requested_at`, `confirmed_at`, `created_at`, `updated_at`) VALUES (17, 9, 3, '2019-04-28 20:01:38', '2011-11-22 10:24:38', '2017-10-26 00:24:45', '2020-04-16 12:13:16');
INSERT INTO `friendship` (`user_id`, `friend_id`, `friendship_status_id`, `requested_at`, `confirmed_at`, `created_at`, `updated_at`) VALUES (18, 20, 3, '2013-04-21 17:26:38', '2012-11-10 06:58:07', '2013-09-03 20:11:42', '2020-09-23 19:04:20');
INSERT INTO `friendship` (`user_id`, `friend_id`, `friendship_status_id`, `requested_at`, `confirmed_at`, `created_at`, `updated_at`) VALUES (19, 91, 1, '2019-10-26 07:24:27', '2019-01-13 21:53:41', '2011-05-10 09:19:30', '2020-04-06 15:02:43');
INSERT INTO `friendship` (`user_id`, `friend_id`, `friendship_status_id`, `requested_at`, `confirmed_at`, `created_at`, `updated_at`) VALUES (20, 87, 1, '2016-12-08 05:13:28', '2020-03-12 19:37:42', '2015-01-06 21:00:05', '2020-10-19 08:59:15');
INSERT INTO `friendship` (`user_id`, `friend_id`, `friendship_status_id`, `requested_at`, `confirmed_at`, `created_at`, `updated_at`) VALUES (21, 33, 3, '2014-12-28 20:53:47', '2020-10-26 17:53:21', '2018-09-04 04:56:01', '2020-06-05 01:03:10');
INSERT INTO `friendship` (`user_id`, `friend_id`, `friendship_status_id`, `requested_at`, `confirmed_at`, `created_at`, `updated_at`) VALUES (22, 94, 2, '2019-09-02 19:15:40', '2019-08-09 02:10:30', '2020-09-11 19:16:45', '2020-08-02 19:28:19');
INSERT INTO `friendship` (`user_id`, `friend_id`, `friendship_status_id`, `requested_at`, `confirmed_at`, `created_at`, `updated_at`) VALUES (23, 51, 1, '2020-09-28 13:43:49', '2020-02-11 08:39:39', '2015-10-11 04:20:34', '2020-05-22 21:46:38');
INSERT INTO `friendship` (`user_id`, `friend_id`, `friendship_status_id`, `requested_at`, `confirmed_at`, `created_at`, `updated_at`) VALUES (24, 10, 1, '2019-03-26 12:58:36', '2020-01-07 17:45:18', '2013-07-07 11:43:42', '2020-10-06 02:53:05');
INSERT INTO `friendship` (`user_id`, `friend_id`, `friendship_status_id`, `requested_at`, `confirmed_at`, `created_at`, `updated_at`) VALUES (25, 49, 1, '2018-11-16 21:17:40', '2016-06-16 22:28:26', '2017-07-25 21:49:23', '2020-05-15 03:25:36');
INSERT INTO `friendship` (`user_id`, `friend_id`, `friendship_status_id`, `requested_at`, `confirmed_at`, `created_at`, `updated_at`) VALUES (26, 32, 3, '2014-04-07 10:25:56', '2017-02-21 01:15:06', '2015-05-14 09:06:36', '2021-02-22 06:33:40');
INSERT INTO `friendship` (`user_id`, `friend_id`, `friendship_status_id`, `requested_at`, `confirmed_at`, `created_at`, `updated_at`) VALUES (27, 33, 2, '2019-05-04 07:55:31', '2018-12-08 20:54:17', '2011-07-05 19:08:47', '2021-02-08 13:39:19');
INSERT INTO `friendship` (`user_id`, `friend_id`, `friendship_status_id`, `requested_at`, `confirmed_at`, `created_at`, `updated_at`) VALUES (28, 71, 3, '2012-08-19 19:02:06', '2020-09-12 02:26:41', '2015-02-20 17:22:11', '2020-09-09 06:11:24');
INSERT INTO `friendship` (`user_id`, `friend_id`, `friendship_status_id`, `requested_at`, `confirmed_at`, `created_at`, `updated_at`) VALUES (29, 31, 1, '2014-10-31 21:17:14', '2019-10-09 22:20:16', '2018-11-21 00:18:20', '2021-02-28 16:59:14');
INSERT INTO `friendship` (`user_id`, `friend_id`, `friendship_status_id`, `requested_at`, `confirmed_at`, `created_at`, `updated_at`) VALUES (30, 75, 3, '2015-01-26 12:13:09', '2018-11-14 23:01:53', '2018-10-18 01:44:36', '2020-08-15 15:27:24');
INSERT INTO `friendship` (`user_id`, `friend_id`, `friendship_status_id`, `requested_at`, `confirmed_at`, `created_at`, `updated_at`) VALUES (31, 79, 3, '2018-12-09 21:43:14', '2014-01-07 05:59:15', '2012-05-24 09:36:50', '2020-11-28 05:31:44');
INSERT INTO `friendship` (`user_id`, `friend_id`, `friendship_status_id`, `requested_at`, `confirmed_at`, `created_at`, `updated_at`) VALUES (32, 70, 3, '2014-06-09 10:58:31', '2015-08-23 12:14:53', '2014-10-27 16:33:06', '2020-10-15 07:54:43');
INSERT INTO `friendship` (`user_id`, `friend_id`, `friendship_status_id`, `requested_at`, `confirmed_at`, `created_at`, `updated_at`) VALUES (33, 70, 1, '2012-11-25 08:39:58', '2014-07-12 03:58:18', '2011-12-28 14:50:49', '2020-04-23 07:33:30');
INSERT INTO `friendship` (`user_id`, `friend_id`, `friendship_status_id`, `requested_at`, `confirmed_at`, `created_at`, `updated_at`) VALUES (34, 57, 2, '2013-07-31 08:54:24', '2020-03-06 11:15:27', '2015-05-06 09:10:00', '2021-01-03 02:21:22');
INSERT INTO `friendship` (`user_id`, `friend_id`, `friendship_status_id`, `requested_at`, `confirmed_at`, `created_at`, `updated_at`) VALUES (35, 74, 1, '2016-03-15 18:55:35', '2016-06-21 16:36:20', '2015-05-17 04:12:07', '2021-03-10 05:21:18');
INSERT INTO `friendship` (`user_id`, `friend_id`, `friendship_status_id`, `requested_at`, `confirmed_at`, `created_at`, `updated_at`) VALUES (36, 71, 3, '2013-04-04 09:35:49', '2013-05-31 00:15:18', '2019-09-12 08:24:24', '2020-11-18 17:08:43');
INSERT INTO `friendship` (`user_id`, `friend_id`, `friendship_status_id`, `requested_at`, `confirmed_at`, `created_at`, `updated_at`) VALUES (37, 55, 2, '2011-05-02 05:34:29', '2013-03-12 05:32:20', '2019-02-01 19:26:11', '2021-02-07 09:28:41');
INSERT INTO `friendship` (`user_id`, `friend_id`, `friendship_status_id`, `requested_at`, `confirmed_at`, `created_at`, `updated_at`) VALUES (38, 11, 3, '2014-12-26 04:52:37', '2011-07-28 12:24:05', '2015-09-17 09:30:29', '2020-11-11 08:42:19');
INSERT INTO `friendship` (`user_id`, `friend_id`, `friendship_status_id`, `requested_at`, `confirmed_at`, `created_at`, `updated_at`) VALUES (39, 34, 2, '2018-09-13 18:26:31', '2019-08-12 15:36:11', '2013-11-08 12:06:59', '2020-12-23 10:04:51');
INSERT INTO `friendship` (`user_id`, `friend_id`, `friendship_status_id`, `requested_at`, `confirmed_at`, `created_at`, `updated_at`) VALUES (40, 65, 1, '2012-10-10 15:24:17', '2020-11-08 23:39:35', '2013-10-10 09:55:25', '2020-05-16 20:05:43');
INSERT INTO `friendship` (`user_id`, `friend_id`, `friendship_status_id`, `requested_at`, `confirmed_at`, `created_at`, `updated_at`) VALUES (41, 91, 1, '2020-07-30 04:40:57', '2020-12-24 23:15:45', '2017-11-15 15:54:06', '2020-08-27 04:34:15');
INSERT INTO `friendship` (`user_id`, `friend_id`, `friendship_status_id`, `requested_at`, `confirmed_at`, `created_at`, `updated_at`) VALUES (42, 2, 2, '2015-12-08 10:45:49', '2016-07-14 09:55:17', '2013-02-20 16:08:24', '2020-04-22 02:56:39');
INSERT INTO `friendship` (`user_id`, `friend_id`, `friendship_status_id`, `requested_at`, `confirmed_at`, `created_at`, `updated_at`) VALUES (43, 81, 2, '2015-08-09 22:14:07', '2015-09-21 09:59:15', '2017-05-19 07:41:11', '2020-08-31 21:28:02');
INSERT INTO `friendship` (`user_id`, `friend_id`, `friendship_status_id`, `requested_at`, `confirmed_at`, `created_at`, `updated_at`) VALUES (44, 62, 3, '2019-10-10 20:06:50', '2012-06-04 11:36:21', '2021-02-01 09:36:43', '2020-06-19 20:20:24');
INSERT INTO `friendship` (`user_id`, `friend_id`, `friendship_status_id`, `requested_at`, `confirmed_at`, `created_at`, `updated_at`) VALUES (45, 65, 1, '2012-03-10 13:31:53', '2016-11-24 16:05:40', '2011-11-28 18:51:14', '2020-11-18 02:39:18');
INSERT INTO `friendship` (`user_id`, `friend_id`, `friendship_status_id`, `requested_at`, `confirmed_at`, `created_at`, `updated_at`) VALUES (46, 86, 2, '2013-09-28 16:40:26', '2020-12-19 07:32:13', '2011-11-17 20:46:53', '2020-12-05 00:57:23');
INSERT INTO `friendship` (`user_id`, `friend_id`, `friendship_status_id`, `requested_at`, `confirmed_at`, `created_at`, `updated_at`) VALUES (47, 14, 3, '2012-02-04 01:59:15', '2015-03-02 09:23:13', '2013-07-12 18:35:57', '2021-01-23 07:54:54');
INSERT INTO `friendship` (`user_id`, `friend_id`, `friendship_status_id`, `requested_at`, `confirmed_at`, `created_at`, `updated_at`) VALUES (48, 61, 3, '2011-12-06 07:35:26', '2014-12-30 13:13:43', '2019-12-20 09:41:42', '2020-12-13 20:55:19');
INSERT INTO `friendship` (`user_id`, `friend_id`, `friendship_status_id`, `requested_at`, `confirmed_at`, `created_at`, `updated_at`) VALUES (49, 44, 3, '2017-01-15 06:47:01', '2015-05-17 05:09:05', '2017-03-08 01:44:54', '2020-05-31 01:33:14');
INSERT INTO `friendship` (`user_id`, `friend_id`, `friendship_status_id`, `requested_at`, `confirmed_at`, `created_at`, `updated_at`) VALUES (50, 37, 2, '2021-02-11 20:13:51', '2017-08-19 02:56:42', '2019-05-02 01:24:11', '2020-09-04 15:38:39');
INSERT INTO `friendship` (`user_id`, `friend_id`, `friendship_status_id`, `requested_at`, `confirmed_at`, `created_at`, `updated_at`) VALUES (51, 19, 2, '2017-10-28 06:26:41', '2014-07-14 14:47:12', '2017-01-27 10:25:51', '2020-07-07 06:50:03');
INSERT INTO `friendship` (`user_id`, `friend_id`, `friendship_status_id`, `requested_at`, `confirmed_at`, `created_at`, `updated_at`) VALUES (52, 93, 2, '2013-08-27 14:37:09', '2012-07-17 14:44:02', '2014-05-13 14:40:09', '2021-02-14 03:08:36');
INSERT INTO `friendship` (`user_id`, `friend_id`, `friendship_status_id`, `requested_at`, `confirmed_at`, `created_at`, `updated_at`) VALUES (53, 87, 3, '2020-06-21 17:49:55', '2018-12-21 23:47:16', '2019-05-26 14:45:39', '2020-03-31 08:59:03');
INSERT INTO `friendship` (`user_id`, `friend_id`, `friendship_status_id`, `requested_at`, `confirmed_at`, `created_at`, `updated_at`) VALUES (54, 98, 3, '2018-12-11 20:54:58', '2012-09-05 11:22:39', '2011-08-03 15:02:17', '2020-06-07 12:50:09');
INSERT INTO `friendship` (`user_id`, `friend_id`, `friendship_status_id`, `requested_at`, `confirmed_at`, `created_at`, `updated_at`) VALUES (55, 39, 1, '2018-06-23 02:37:26', '2018-11-07 14:51:34', '2014-06-24 10:49:05', '2020-08-21 03:15:18');
INSERT INTO `friendship` (`user_id`, `friend_id`, `friendship_status_id`, `requested_at`, `confirmed_at`, `created_at`, `updated_at`) VALUES (56, 66, 3, '2011-12-03 07:05:41', '2012-12-31 23:17:48', '2011-04-15 23:15:12', '2021-02-15 06:05:08');
INSERT INTO `friendship` (`user_id`, `friend_id`, `friendship_status_id`, `requested_at`, `confirmed_at`, `created_at`, `updated_at`) VALUES (57, 99, 3, '2017-05-30 11:13:49', '2012-08-30 09:36:49', '2014-01-21 03:58:35', '2020-09-04 15:38:07');
INSERT INTO `friendship` (`user_id`, `friend_id`, `friendship_status_id`, `requested_at`, `confirmed_at`, `created_at`, `updated_at`) VALUES (58, 54, 3, '2015-01-27 09:17:20', '2013-06-16 21:47:47', '2012-03-26 19:33:22', '2020-06-10 12:53:56');
INSERT INTO `friendship` (`user_id`, `friend_id`, `friendship_status_id`, `requested_at`, `confirmed_at`, `created_at`, `updated_at`) VALUES (59, 25, 2, '2017-11-11 21:03:38', '2017-05-18 11:49:31', '2017-06-08 19:05:42', '2020-12-31 05:35:37');
INSERT INTO `friendship` (`user_id`, `friend_id`, `friendship_status_id`, `requested_at`, `confirmed_at`, `created_at`, `updated_at`) VALUES (60, 85, 3, '2014-06-27 01:40:14', '2019-10-26 23:36:50', '2018-04-05 04:08:12', '2020-09-26 00:45:22');
INSERT INTO `friendship` (`user_id`, `friend_id`, `friendship_status_id`, `requested_at`, `confirmed_at`, `created_at`, `updated_at`) VALUES (61, 45, 1, '2012-03-21 23:49:11', '2020-12-15 19:51:34', '2015-02-02 19:37:49', '2021-03-12 12:39:15');
INSERT INTO `friendship` (`user_id`, `friend_id`, `friendship_status_id`, `requested_at`, `confirmed_at`, `created_at`, `updated_at`) VALUES (62, 97, 2, '2013-02-12 02:47:36', '2014-11-02 13:35:52', '2019-03-06 12:08:04', '2021-01-05 03:59:14');
INSERT INTO `friendship` (`user_id`, `friend_id`, `friendship_status_id`, `requested_at`, `confirmed_at`, `created_at`, `updated_at`) VALUES (63, 41, 3, '2019-01-23 02:44:48', '2015-08-01 17:11:45', '2013-09-30 03:34:49', '2020-10-17 13:14:38');
INSERT INTO `friendship` (`user_id`, `friend_id`, `friendship_status_id`, `requested_at`, `confirmed_at`, `created_at`, `updated_at`) VALUES (64, 38, 2, '2013-02-08 08:27:49', '2011-10-30 08:32:02', '2018-01-25 18:07:02', '2021-01-22 16:54:56');
INSERT INTO `friendship` (`user_id`, `friend_id`, `friendship_status_id`, `requested_at`, `confirmed_at`, `created_at`, `updated_at`) VALUES (65, 61, 2, '2011-09-29 12:44:57', '2017-03-26 11:00:52', '2016-10-21 03:54:10', '2020-06-22 14:10:52');
INSERT INTO `friendship` (`user_id`, `friend_id`, `friendship_status_id`, `requested_at`, `confirmed_at`, `created_at`, `updated_at`) VALUES (66, 50, 1, '2016-12-07 14:15:48', '2013-04-07 02:56:19', '2011-09-24 05:55:46', '2020-10-11 21:27:42');
INSERT INTO `friendship` (`user_id`, `friend_id`, `friendship_status_id`, `requested_at`, `confirmed_at`, `created_at`, `updated_at`) VALUES (67, 37, 3, '2014-10-31 18:11:47', '2017-06-26 11:18:55', '2012-11-28 14:34:05', '2020-11-13 05:11:42');
INSERT INTO `friendship` (`user_id`, `friend_id`, `friendship_status_id`, `requested_at`, `confirmed_at`, `created_at`, `updated_at`) VALUES (68, 53, 3, '2017-12-16 21:12:42', '2011-04-28 21:07:30', '2018-06-24 01:49:42', '2020-05-05 01:10:13');
INSERT INTO `friendship` (`user_id`, `friend_id`, `friendship_status_id`, `requested_at`, `confirmed_at`, `created_at`, `updated_at`) VALUES (69, 99, 1, '2014-12-25 22:00:24', '2020-12-19 15:29:18', '2019-08-30 17:05:09', '2020-08-30 18:12:47');
INSERT INTO `friendship` (`user_id`, `friend_id`, `friendship_status_id`, `requested_at`, `confirmed_at`, `created_at`, `updated_at`) VALUES (70, 92, 1, '2011-11-10 11:33:00', '2012-02-19 02:28:08', '2016-08-19 08:48:30', '2020-12-27 14:37:59');
INSERT INTO `friendship` (`user_id`, `friend_id`, `friendship_status_id`, `requested_at`, `confirmed_at`, `created_at`, `updated_at`) VALUES (71, 81, 3, '2014-01-21 23:41:24', '2019-08-18 11:41:54', '2016-02-05 05:11:15', '2020-08-24 20:35:24');
INSERT INTO `friendship` (`user_id`, `friend_id`, `friendship_status_id`, `requested_at`, `confirmed_at`, `created_at`, `updated_at`) VALUES (72, 100, 2, '2020-06-08 07:52:15', '2013-08-02 05:50:49', '2014-03-25 12:46:22', '2021-01-22 20:48:56');
INSERT INTO `friendship` (`user_id`, `friend_id`, `friendship_status_id`, `requested_at`, `confirmed_at`, `created_at`, `updated_at`) VALUES (73, 99, 2, '2014-04-25 17:25:39', '2011-06-05 12:40:30', '2011-07-26 06:46:11', '2020-08-09 14:33:10');
INSERT INTO `friendship` (`user_id`, `friend_id`, `friendship_status_id`, `requested_at`, `confirmed_at`, `created_at`, `updated_at`) VALUES (74, 94, 1, '2014-01-07 04:41:23', '2019-05-14 23:12:27', '2013-05-11 01:04:14', '2021-01-16 03:58:33');
INSERT INTO `friendship` (`user_id`, `friend_id`, `friendship_status_id`, `requested_at`, `confirmed_at`, `created_at`, `updated_at`) VALUES (75, 99, 2, '2017-04-01 13:47:59', '2012-11-24 15:58:20', '2015-12-10 11:00:41', '2020-06-01 20:19:09');
INSERT INTO `friendship` (`user_id`, `friend_id`, `friendship_status_id`, `requested_at`, `confirmed_at`, `created_at`, `updated_at`) VALUES (76, 8, 1, '2016-07-19 17:21:30', '2020-05-26 13:02:06', '2018-09-04 14:53:36', '2020-05-12 10:57:49');
INSERT INTO `friendship` (`user_id`, `friend_id`, `friendship_status_id`, `requested_at`, `confirmed_at`, `created_at`, `updated_at`) VALUES (77, 86, 1, '2013-11-25 05:33:36', '2014-01-06 03:41:19', '2012-05-12 16:02:46', '2020-11-23 16:10:05');
INSERT INTO `friendship` (`user_id`, `friend_id`, `friendship_status_id`, `requested_at`, `confirmed_at`, `created_at`, `updated_at`) VALUES (78, 23, 3, '2011-09-18 00:38:15', '2019-12-17 12:05:19', '2016-09-06 17:18:55', '2021-02-15 05:03:20');
INSERT INTO `friendship` (`user_id`, `friend_id`, `friendship_status_id`, `requested_at`, `confirmed_at`, `created_at`, `updated_at`) VALUES (79, 50, 3, '2021-01-08 23:56:48', '2019-02-22 13:58:01', '2015-02-02 15:47:35', '2020-05-27 07:50:38');
INSERT INTO `friendship` (`user_id`, `friend_id`, `friendship_status_id`, `requested_at`, `confirmed_at`, `created_at`, `updated_at`) VALUES (80, 25, 1, '2012-07-28 05:22:23', '2017-06-03 02:21:01', '2020-08-25 00:48:05', '2020-11-13 22:31:17');
INSERT INTO `friendship` (`user_id`, `friend_id`, `friendship_status_id`, `requested_at`, `confirmed_at`, `created_at`, `updated_at`) VALUES (81, 57, 2, '2018-07-03 07:19:41', '2012-04-01 09:02:14', '2016-01-05 10:45:49', '2020-09-09 22:37:20');
INSERT INTO `friendship` (`user_id`, `friend_id`, `friendship_status_id`, `requested_at`, `confirmed_at`, `created_at`, `updated_at`) VALUES (82, 37, 2, '2012-09-15 04:05:09', '2012-10-08 10:14:53', '2013-06-18 19:51:16', '2020-04-18 13:49:54');
INSERT INTO `friendship` (`user_id`, `friend_id`, `friendship_status_id`, `requested_at`, `confirmed_at`, `created_at`, `updated_at`) VALUES (83, 57, 1, '2017-11-28 09:36:37', '2011-08-13 11:16:19', '2015-02-03 20:57:29', '2021-03-10 09:31:03');
INSERT INTO `friendship` (`user_id`, `friend_id`, `friendship_status_id`, `requested_at`, `confirmed_at`, `created_at`, `updated_at`) VALUES (84, 48, 2, '2014-09-20 15:34:55', '2019-09-18 11:54:30', '2012-04-22 05:31:43', '2020-11-12 09:25:38');
INSERT INTO `friendship` (`user_id`, `friend_id`, `friendship_status_id`, `requested_at`, `confirmed_at`, `created_at`, `updated_at`) VALUES (85, 45, 2, '2014-11-05 02:08:45', '2018-08-08 15:54:13', '2018-03-17 21:21:38', '2020-05-02 18:21:03');
INSERT INTO `friendship` (`user_id`, `friend_id`, `friendship_status_id`, `requested_at`, `confirmed_at`, `created_at`, `updated_at`) VALUES (86, 69, 3, '2014-06-24 22:06:09', '2013-05-14 13:57:26', '2011-07-24 00:40:55', '2020-04-10 03:31:03');
INSERT INTO `friendship` (`user_id`, `friend_id`, `friendship_status_id`, `requested_at`, `confirmed_at`, `created_at`, `updated_at`) VALUES (87, 79, 2, '2012-02-23 14:45:07', '2017-09-13 22:54:15', '2013-07-30 20:28:40', '2020-06-20 18:55:54');
INSERT INTO `friendship` (`user_id`, `friend_id`, `friendship_status_id`, `requested_at`, `confirmed_at`, `created_at`, `updated_at`) VALUES (88, 41, 1, '2019-06-12 08:37:24', '2016-11-20 22:28:45', '2020-11-02 08:08:27', '2020-08-28 12:42:48');
INSERT INTO `friendship` (`user_id`, `friend_id`, `friendship_status_id`, `requested_at`, `confirmed_at`, `created_at`, `updated_at`) VALUES (89, 18, 1, '2014-12-23 05:47:42', '2012-08-02 11:33:21', '2012-06-05 01:18:31', '2021-01-01 07:03:49');
INSERT INTO `friendship` (`user_id`, `friend_id`, `friendship_status_id`, `requested_at`, `confirmed_at`, `created_at`, `updated_at`) VALUES (90, 87, 1, '2011-11-27 08:47:50', '2015-08-08 04:38:37', '2020-11-03 21:07:25', '2020-07-07 03:18:36');
INSERT INTO `friendship` (`user_id`, `friend_id`, `friendship_status_id`, `requested_at`, `confirmed_at`, `created_at`, `updated_at`) VALUES (91, 7, 2, '2020-09-28 03:13:22', '2016-12-27 07:03:46', '2019-07-11 22:07:39', '2020-07-17 18:47:33');
INSERT INTO `friendship` (`user_id`, `friend_id`, `friendship_status_id`, `requested_at`, `confirmed_at`, `created_at`, `updated_at`) VALUES (92, 31, 2, '2018-08-01 17:59:11', '2013-08-10 12:08:06', '2014-02-28 08:01:19', '2020-07-23 17:06:18');
INSERT INTO `friendship` (`user_id`, `friend_id`, `friendship_status_id`, `requested_at`, `confirmed_at`, `created_at`, `updated_at`) VALUES (93, 11, 2, '2014-05-15 01:53:57', '2017-11-19 06:50:44', '2017-12-12 01:43:21', '2020-05-29 07:21:21');
INSERT INTO `friendship` (`user_id`, `friend_id`, `friendship_status_id`, `requested_at`, `confirmed_at`, `created_at`, `updated_at`) VALUES (94, 47, 3, '2011-06-08 11:04:51', '2014-03-22 13:47:33', '2016-10-10 14:24:57', '2021-01-02 00:40:01');
INSERT INTO `friendship` (`user_id`, `friend_id`, `friendship_status_id`, `requested_at`, `confirmed_at`, `created_at`, `updated_at`) VALUES (95, 45, 1, '2019-03-01 16:53:36', '2018-02-03 01:53:40', '2017-10-21 06:38:07', '2020-05-02 19:28:39');
INSERT INTO `friendship` (`user_id`, `friend_id`, `friendship_status_id`, `requested_at`, `confirmed_at`, `created_at`, `updated_at`) VALUES (96, 13, 2, '2011-11-02 12:14:25', '2019-08-10 12:29:34', '2016-01-31 00:42:42', '2021-02-16 11:43:44');
INSERT INTO `friendship` (`user_id`, `friend_id`, `friendship_status_id`, `requested_at`, `confirmed_at`, `created_at`, `updated_at`) VALUES (97, 60, 2, '2014-08-18 19:46:24', '2020-10-14 06:17:37', '2016-06-03 09:38:07', '2020-06-04 17:22:52');
INSERT INTO `friendship` (`user_id`, `friend_id`, `friendship_status_id`, `requested_at`, `confirmed_at`, `created_at`, `updated_at`) VALUES (98, 24, 2, '2019-10-17 22:39:10', '2012-10-01 23:46:35', '2017-11-30 15:42:40', '2020-10-11 11:07:51');
INSERT INTO `friendship` (`user_id`, `friend_id`, `friendship_status_id`, `requested_at`, `confirmed_at`, `created_at`, `updated_at`) VALUES (99, 56, 1, '2020-03-07 04:50:29', '2017-04-14 22:45:48', '2015-03-22 02:28:19', '2020-11-17 13:56:30');
INSERT INTO `friendship` (`user_id`, `friend_id`, `friendship_status_id`, `requested_at`, `confirmed_at`, `created_at`, `updated_at`) VALUES (100, 77, 1, '2017-03-04 20:35:00', '2018-05-28 08:38:29', '2015-08-07 17:02:39', '2020-08-13 16:59:44');


-- Статусы книг
INSERT INTO `books_statuses` (`user_id`, `book_id`, `book_status_id`, `created_at`, `updated_at`) VALUES (6, 74, 3, '2017-11-27 18:21:18', '2021-02-13 18:15:00');
INSERT INTO `books_statuses` (`user_id`, `book_id`, `book_status_id`, `created_at`, `updated_at`) VALUES (66, 82, 1, '2020-01-21 21:33:06', '2020-07-11 12:29:20');
INSERT INTO `books_statuses` (`user_id`, `book_id`, `book_status_id`, `created_at`, `updated_at`) VALUES (2, 2, 4, '2013-09-09 06:03:56', '2020-06-29 02:00:21');
INSERT INTO `books_statuses` (`user_id`, `book_id`, `book_status_id`, `created_at`, `updated_at`) VALUES (56, 33, 3, '2017-12-03 03:39:11', '2021-01-16 09:37:44');
INSERT INTO `books_statuses` (`user_id`, `book_id`, `book_status_id`, `created_at`, `updated_at`) VALUES (65, 56, 1, '2018-08-05 04:50:03', '2021-02-06 07:22:17');
INSERT INTO `books_statuses` (`user_id`, `book_id`, `book_status_id`, `created_at`, `updated_at`) VALUES (67, 8, 2, '2015-11-06 11:07:54', '2021-02-07 13:26:38');
INSERT INTO `books_statuses` (`user_id`, `book_id`, `book_status_id`, `created_at`, `updated_at`) VALUES (66, 43, 1, '2017-07-28 17:19:09', '2021-03-02 01:16:45');
INSERT INTO `books_statuses` (`user_id`, `book_id`, `book_status_id`, `created_at`, `updated_at`) VALUES (75, 7, 3, '2011-12-31 09:28:06', '2021-03-06 01:20:34');
INSERT INTO `books_statuses` (`user_id`, `book_id`, `book_status_id`, `created_at`, `updated_at`) VALUES (86, 61, 1, '2014-03-21 10:48:52', '2021-02-22 03:06:14');
INSERT INTO `books_statuses` (`user_id`, `book_id`, `book_status_id`, `created_at`, `updated_at`) VALUES (80, 35, 4, '2015-11-14 04:49:14', '2020-10-22 22:31:57');
INSERT INTO `books_statuses` (`user_id`, `book_id`, `book_status_id`, `created_at`, `updated_at`) VALUES (84, 24, 4, '2016-12-08 16:06:32', '2020-09-05 16:08:58');
INSERT INTO `books_statuses` (`user_id`, `book_id`, `book_status_id`, `created_at`, `updated_at`) VALUES (1, 43, 3, '2013-08-25 09:54:49', '2020-12-18 09:20:57');
INSERT INTO `books_statuses` (`user_id`, `book_id`, `book_status_id`, `created_at`, `updated_at`) VALUES (38, 38, 2, '2014-04-29 10:05:59', '2020-10-15 22:05:45');
INSERT INTO `books_statuses` (`user_id`, `book_id`, `book_status_id`, `created_at`, `updated_at`) VALUES (44, 11, 3, '2012-01-13 20:42:44', '2020-12-08 01:10:59');
INSERT INTO `books_statuses` (`user_id`, `book_id`, `book_status_id`, `created_at`, `updated_at`) VALUES (80, 42, 3, '2016-12-16 16:01:39', '2021-02-19 04:21:17');
INSERT INTO `books_statuses` (`user_id`, `book_id`, `book_status_id`, `created_at`, `updated_at`) VALUES (54, 91, 1, '2013-01-09 22:38:30', '2020-12-18 12:20:42');
INSERT INTO `books_statuses` (`user_id`, `book_id`, `book_status_id`, `created_at`, `updated_at`) VALUES (40, 67, 2, '2015-12-24 14:12:38', '2020-05-14 03:25:01');
INSERT INTO `books_statuses` (`user_id`, `book_id`, `book_status_id`, `created_at`, `updated_at`) VALUES (54, 72, 1, '2020-02-07 05:11:37', '2020-04-21 19:37:39');
INSERT INTO `books_statuses` (`user_id`, `book_id`, `book_status_id`, `created_at`, `updated_at`) VALUES (78, 67, 1, '2017-12-31 17:40:26', '2020-08-26 13:54:16');
INSERT INTO `books_statuses` (`user_id`, `book_id`, `book_status_id`, `created_at`, `updated_at`) VALUES (57, 35, 2, '2014-10-18 13:57:07', '2021-02-18 22:55:41');
INSERT INTO `books_statuses` (`user_id`, `book_id`, `book_status_id`, `created_at`, `updated_at`) VALUES (71, 95, 1, '2016-06-06 04:31:59', '2020-10-26 02:20:11');
INSERT INTO `books_statuses` (`user_id`, `book_id`, `book_status_id`, `created_at`, `updated_at`) VALUES (55, 98, 2, '2015-10-27 09:08:59', '2020-12-05 16:29:01');
INSERT INTO `books_statuses` (`user_id`, `book_id`, `book_status_id`, `created_at`, `updated_at`) VALUES (81, 94, 1, '2018-06-10 10:24:35', '2020-11-22 07:33:33');
INSERT INTO `books_statuses` (`user_id`, `book_id`, `book_status_id`, `created_at`, `updated_at`) VALUES (9, 80, 3, '2015-11-25 08:20:59', '2020-10-19 09:43:45');
INSERT INTO `books_statuses` (`user_id`, `book_id`, `book_status_id`, `created_at`, `updated_at`) VALUES (94, 74, 4, '2012-07-09 15:28:31', '2020-09-05 11:33:36');
INSERT INTO `books_statuses` (`user_id`, `book_id`, `book_status_id`, `created_at`, `updated_at`) VALUES (70, 31, 4, '2013-02-13 12:34:57', '2020-09-11 01:18:17');
INSERT INTO `books_statuses` (`user_id`, `book_id`, `book_status_id`, `created_at`, `updated_at`) VALUES (5, 39, 2, '2013-08-04 10:44:47', '2020-09-09 03:47:20');
INSERT INTO `books_statuses` (`user_id`, `book_id`, `book_status_id`, `created_at`, `updated_at`) VALUES (63, 34, 3, '2019-04-13 17:38:28', '2020-09-08 20:38:57');
INSERT INTO `books_statuses` (`user_id`, `book_id`, `book_status_id`, `created_at`, `updated_at`) VALUES (34, 76, 4, '2013-08-01 22:53:35', '2020-10-19 13:33:33');
INSERT INTO `books_statuses` (`user_id`, `book_id`, `book_status_id`, `created_at`, `updated_at`) VALUES (71, 99, 2, '2019-06-23 00:14:05', '2020-08-13 16:02:31');
INSERT INTO `books_statuses` (`user_id`, `book_id`, `book_status_id`, `created_at`, `updated_at`) VALUES (3, 39, 4, '2016-10-17 12:11:00', '2020-08-02 15:35:27');
INSERT INTO `books_statuses` (`user_id`, `book_id`, `book_status_id`, `created_at`, `updated_at`) VALUES (3, 50, 4, '2011-12-30 20:27:53', '2020-12-15 10:54:40');
INSERT INTO `books_statuses` (`user_id`, `book_id`, `book_status_id`, `created_at`, `updated_at`) VALUES (2, 16, 3, '2020-03-29 16:00:39', '2020-03-28 07:02:17');
INSERT INTO `books_statuses` (`user_id`, `book_id`, `book_status_id`, `created_at`, `updated_at`) VALUES (96, 13, 4, '2018-02-17 13:41:42', '2020-06-17 06:41:03');
INSERT INTO `books_statuses` (`user_id`, `book_id`, `book_status_id`, `created_at`, `updated_at`) VALUES (24, 8, 4, '2017-06-11 14:08:16', '2020-08-28 16:56:40');
INSERT INTO `books_statuses` (`user_id`, `book_id`, `book_status_id`, `created_at`, `updated_at`) VALUES (83, 5, 4, '2014-11-27 19:49:45', '2020-07-19 13:27:08');
INSERT INTO `books_statuses` (`user_id`, `book_id`, `book_status_id`, `created_at`, `updated_at`) VALUES (13, 60, 2, '2013-07-02 06:45:52', '2020-05-10 13:32:11');
INSERT INTO `books_statuses` (`user_id`, `book_id`, `book_status_id`, `created_at`, `updated_at`) VALUES (8, 91, 1, '2014-09-29 10:06:49', '2020-04-21 23:28:48');
INSERT INTO `books_statuses` (`user_id`, `book_id`, `book_status_id`, `created_at`, `updated_at`) VALUES (1, 60, 2, '2020-05-16 14:03:00', '2020-06-13 09:44:09');
INSERT INTO `books_statuses` (`user_id`, `book_id`, `book_status_id`, `created_at`, `updated_at`) VALUES (38, 59, 1, '2013-11-01 03:42:56', '2020-11-27 17:27:52');
INSERT INTO `books_statuses` (`user_id`, `book_id`, `book_status_id`, `created_at`, `updated_at`) VALUES (94, 73, 3, '2015-06-14 14:28:19', '2021-02-12 07:01:54');
INSERT INTO `books_statuses` (`user_id`, `book_id`, `book_status_id`, `created_at`, `updated_at`) VALUES (76, 16, 1, '2020-09-15 21:47:36', '2020-04-30 19:43:39');
INSERT INTO `books_statuses` (`user_id`, `book_id`, `book_status_id`, `created_at`, `updated_at`) VALUES (74, 42, 1, '2021-03-06 22:35:26', '2020-09-11 16:45:41');
INSERT INTO `books_statuses` (`user_id`, `book_id`, `book_status_id`, `created_at`, `updated_at`) VALUES (1, 57, 3, '2020-06-14 05:23:20', '2020-06-27 06:02:23');
INSERT INTO `books_statuses` (`user_id`, `book_id`, `book_status_id`, `created_at`, `updated_at`) VALUES (11, 93, 3, '2020-04-12 13:00:54', '2020-09-30 17:45:38');
INSERT INTO `books_statuses` (`user_id`, `book_id`, `book_status_id`, `created_at`, `updated_at`) VALUES (35, 87, 4, '2019-09-17 07:51:59', '2020-04-17 17:01:44');
INSERT INTO `books_statuses` (`user_id`, `book_id`, `book_status_id`, `created_at`, `updated_at`) VALUES (6, 86, 4, '2012-02-25 11:58:41', '2020-07-05 10:04:28');
INSERT INTO `books_statuses` (`user_id`, `book_id`, `book_status_id`, `created_at`, `updated_at`) VALUES (26, 23, 1, '2021-01-05 19:38:42', '2020-08-11 06:32:57');
INSERT INTO `books_statuses` (`user_id`, `book_id`, `book_status_id`, `created_at`, `updated_at`) VALUES (55, 93, 3, '2018-08-22 06:26:20', '2020-09-22 14:42:44');
INSERT INTO `books_statuses` (`user_id`, `book_id`, `book_status_id`, `created_at`, `updated_at`) VALUES (14, 5, 1, '2012-06-24 20:46:49', '2020-05-26 04:41:28');
INSERT INTO `books_statuses` (`user_id`, `book_id`, `book_status_id`, `created_at`, `updated_at`) VALUES (83, 24, 2, '2016-12-08 21:20:14', '2020-10-29 15:37:06');
INSERT INTO `books_statuses` (`user_id`, `book_id`, `book_status_id`, `created_at`, `updated_at`) VALUES (79, 25, 1, '2018-02-01 11:42:21', '2020-04-01 04:31:18');
INSERT INTO `books_statuses` (`user_id`, `book_id`, `book_status_id`, `created_at`, `updated_at`) VALUES (4, 65, 2, '2020-12-21 03:53:09', '2020-10-07 01:18:41');
INSERT INTO `books_statuses` (`user_id`, `book_id`, `book_status_id`, `created_at`, `updated_at`) VALUES (71, 44, 3, '2014-10-16 19:54:52', '2020-10-24 23:54:59');
INSERT INTO `books_statuses` (`user_id`, `book_id`, `book_status_id`, `created_at`, `updated_at`) VALUES (8, 25, 4, '2018-02-08 17:34:36', '2021-01-22 21:46:16');
INSERT INTO `books_statuses` (`user_id`, `book_id`, `book_status_id`, `created_at`, `updated_at`) VALUES (42, 97, 2, '2017-06-08 20:21:57', '2020-09-05 23:07:44');
INSERT INTO `books_statuses` (`user_id`, `book_id`, `book_status_id`, `created_at`, `updated_at`) VALUES (74, 83, 4, '2014-04-25 11:08:42', '2020-08-26 02:10:08');
INSERT INTO `books_statuses` (`user_id`, `book_id`, `book_status_id`, `created_at`, `updated_at`) VALUES (99, 46, 3, '2018-01-13 01:42:23', '2020-12-31 17:55:18');
INSERT INTO `books_statuses` (`user_id`, `book_id`, `book_status_id`, `created_at`, `updated_at`) VALUES (12, 70, 2, '2016-06-03 21:08:00', '2020-04-04 11:42:07');
INSERT INTO `books_statuses` (`user_id`, `book_id`, `book_status_id`, `created_at`, `updated_at`) VALUES (94, 21, 4, '2019-11-29 13:48:43', '2021-01-23 06:14:54');
INSERT INTO `books_statuses` (`user_id`, `book_id`, `book_status_id`, `created_at`, `updated_at`) VALUES (98, 34, 1, '2021-02-19 12:05:16', '2020-09-06 12:11:59');
INSERT INTO `books_statuses` (`user_id`, `book_id`, `book_status_id`, `created_at`, `updated_at`) VALUES (57, 64, 3, '2014-08-27 21:41:06', '2020-08-31 16:41:19');
INSERT INTO `books_statuses` (`user_id`, `book_id`, `book_status_id`, `created_at`, `updated_at`) VALUES (33, 18, 1, '2015-08-12 10:48:11', '2021-02-19 01:48:59');
INSERT INTO `books_statuses` (`user_id`, `book_id`, `book_status_id`, `created_at`, `updated_at`) VALUES (30, 93, 1, '2013-05-22 19:14:05', '2020-04-05 04:18:32');
INSERT INTO `books_statuses` (`user_id`, `book_id`, `book_status_id`, `created_at`, `updated_at`) VALUES (99, 54, 2, '2016-04-07 19:43:57', '2020-04-07 07:51:15');
INSERT INTO `books_statuses` (`user_id`, `book_id`, `book_status_id`, `created_at`, `updated_at`) VALUES (63, 91, 4, '2013-07-11 02:46:06', '2020-06-24 16:19:12');
INSERT INTO `books_statuses` (`user_id`, `book_id`, `book_status_id`, `created_at`, `updated_at`) VALUES (28, 92, 3, '2018-03-13 18:27:02', '2020-06-01 06:42:48');
INSERT INTO `books_statuses` (`user_id`, `book_id`, `book_status_id`, `created_at`, `updated_at`) VALUES (67, 3, 2, '2012-03-22 21:29:04', '2020-11-12 12:05:23');
INSERT INTO `books_statuses` (`user_id`, `book_id`, `book_status_id`, `created_at`, `updated_at`) VALUES (80, 81, 3, '2020-10-06 07:38:52', '2020-11-29 09:37:39');
INSERT INTO `books_statuses` (`user_id`, `book_id`, `book_status_id`, `created_at`, `updated_at`) VALUES (86, 26, 3, '2013-03-01 19:03:42', '2020-07-01 16:17:20');
INSERT INTO `books_statuses` (`user_id`, `book_id`, `book_status_id`, `created_at`, `updated_at`) VALUES (88, 25, 4, '2012-06-24 20:43:28', '2020-11-10 21:35:12');
INSERT INTO `books_statuses` (`user_id`, `book_id`, `book_status_id`, `created_at`, `updated_at`) VALUES (50, 44, 1, '2017-02-08 09:53:32', '2020-05-18 05:04:10');
INSERT INTO `books_statuses` (`user_id`, `book_id`, `book_status_id`, `created_at`, `updated_at`) VALUES (43, 53, 4, '2019-07-19 09:55:34', '2020-04-01 00:42:36');
INSERT INTO `books_statuses` (`user_id`, `book_id`, `book_status_id`, `created_at`, `updated_at`) VALUES (21, 47, 2, '2016-01-17 15:39:48', '2020-10-22 00:12:02');
INSERT INTO `books_statuses` (`user_id`, `book_id`, `book_status_id`, `created_at`, `updated_at`) VALUES (93, 8, 1, '2020-06-10 00:39:02', '2020-11-02 16:45:49');
INSERT INTO `books_statuses` (`user_id`, `book_id`, `book_status_id`, `created_at`, `updated_at`) VALUES (56, 98, 4, '2017-05-12 09:40:42', '2020-09-28 07:04:02');
INSERT INTO `books_statuses` (`user_id`, `book_id`, `book_status_id`, `created_at`, `updated_at`) VALUES (73, 78, 4, '2018-09-07 01:23:38', '2020-08-01 10:04:34');
INSERT INTO `books_statuses` (`user_id`, `book_id`, `book_status_id`, `created_at`, `updated_at`) VALUES (96, 24, 2, '2014-12-12 03:11:12', '2020-05-09 19:48:25');
INSERT INTO `books_statuses` (`user_id`, `book_id`, `book_status_id`, `created_at`, `updated_at`) VALUES (49, 71, 4, '2016-06-24 15:08:14', '2020-12-24 10:33:55');
INSERT INTO `books_statuses` (`user_id`, `book_id`, `book_status_id`, `created_at`, `updated_at`) VALUES (23, 95, 2, '2020-07-08 00:00:33', '2020-11-22 11:51:02');
INSERT INTO `books_statuses` (`user_id`, `book_id`, `book_status_id`, `created_at`, `updated_at`) VALUES (8, 77, 1, '2019-11-24 09:24:36', '2020-11-16 05:56:49');
INSERT INTO `books_statuses` (`user_id`, `book_id`, `book_status_id`, `created_at`, `updated_at`) VALUES (91, 64, 2, '2016-08-20 12:57:45', '2020-05-07 09:43:06');
INSERT INTO `books_statuses` (`user_id`, `book_id`, `book_status_id`, `created_at`, `updated_at`) VALUES (27, 19, 3, '2014-04-20 12:50:32', '2020-06-17 20:44:07');
INSERT INTO `books_statuses` (`user_id`, `book_id`, `book_status_id`, `created_at`, `updated_at`) VALUES (97, 92, 2, '2020-05-17 19:49:42', '2020-06-01 15:28:11');
INSERT INTO `books_statuses` (`user_id`, `book_id`, `book_status_id`, `created_at`, `updated_at`) VALUES (93, 73, 4, '2020-12-05 02:20:07', '2020-05-30 14:06:53');
INSERT INTO `books_statuses` (`user_id`, `book_id`, `book_status_id`, `created_at`, `updated_at`) VALUES (14, 9, 1, '2017-01-12 04:37:43', '2020-05-18 21:43:24');
INSERT INTO `books_statuses` (`user_id`, `book_id`, `book_status_id`, `created_at`, `updated_at`) VALUES (33, 74, 1, '2011-07-14 07:41:55', '2020-11-14 01:05:54');
INSERT INTO `books_statuses` (`user_id`, `book_id`, `book_status_id`, `created_at`, `updated_at`) VALUES (36, 35, 2, '2018-10-15 20:01:16', '2021-02-10 12:57:35');
INSERT INTO `books_statuses` (`user_id`, `book_id`, `book_status_id`, `created_at`, `updated_at`) VALUES (68, 23, 4, '2013-01-14 22:06:00', '2020-11-09 15:30:45');
INSERT INTO `books_statuses` (`user_id`, `book_id`, `book_status_id`, `created_at`, `updated_at`) VALUES (26, 76, 4, '2014-07-30 16:38:24', '2020-09-08 20:03:00');
INSERT INTO `books_statuses` (`user_id`, `book_id`, `book_status_id`, `created_at`, `updated_at`) VALUES (76, 28, 3, '2012-10-18 20:44:59', '2020-08-16 09:20:16');
INSERT INTO `books_statuses` (`user_id`, `book_id`, `book_status_id`, `created_at`, `updated_at`) VALUES (69, 67, 1, '2019-09-21 10:06:14', '2021-02-28 12:34:05');
INSERT INTO `books_statuses` (`user_id`, `book_id`, `book_status_id`, `created_at`, `updated_at`) VALUES (67, 99, 2, '2020-04-08 06:58:55', '2020-03-27 15:40:19');
INSERT INTO `books_statuses` (`user_id`, `book_id`, `book_status_id`, `created_at`, `updated_at`) VALUES (48, 13, 3, '2017-05-23 17:00:39', '2021-02-25 02:14:05');
INSERT INTO `books_statuses` (`user_id`, `book_id`, `book_status_id`, `created_at`, `updated_at`) VALUES (1, 10, 2, '2014-01-09 09:58:38', '2020-03-18 18:51:39');
INSERT INTO `books_statuses` (`user_id`, `book_id`, `book_status_id`, `created_at`, `updated_at`) VALUES (37, 59, 4, '2016-08-02 11:07:50', '2020-05-03 21:37:31');
INSERT INTO `books_statuses` (`user_id`, `book_id`, `book_status_id`, `created_at`, `updated_at`) VALUES (79, 1, 4, '2015-09-07 01:49:03', '2020-12-25 13:26:29');
INSERT INTO `books_statuses` (`user_id`, `book_id`, `book_status_id`, `created_at`, `updated_at`) VALUES (81, 63, 1, '2020-12-26 20:14:35', '2020-10-15 20:45:09');
INSERT INTO `books_statuses` (`user_id`, `book_id`, `book_status_id`, `created_at`, `updated_at`) VALUES (30, 21, 3, '2019-10-30 05:48:45', '2020-10-21 21:12:58');
INSERT INTO `books_statuses` (`user_id`, `book_id`, `book_status_id`, `created_at`, `updated_at`) VALUES (87, 27, 2, '2016-08-04 22:04:14', '2020-08-11 12:09:41');
INSERT INTO `books_statuses` (`user_id`, `book_id`, `book_status_id`, `created_at`, `updated_at`) VALUES (74, 8, 4, '2020-06-25 23:29:01', '2020-10-14 15:53:03');
INSERT INTO `books_statuses` (`user_id`, `book_id`, `book_status_id`, `created_at`, `updated_at`) VALUES (45, 29, 1, '2012-01-13 11:41:13', '2021-02-12 09:54:56');
INSERT INTO `books_statuses` (`user_id`, `book_id`, `book_status_id`, `created_at`, `updated_at`) VALUES (49, 98, 2, '2013-12-23 00:14:47', '2021-01-20 10:17:58');
INSERT INTO `books_statuses` (`user_id`, `book_id`, `book_status_id`, `created_at`, `updated_at`) VALUES (80, 9, 4, '2014-08-03 14:49:03', '2020-06-28 08:39:12');
INSERT INTO `books_statuses` (`user_id`, `book_id`, `book_status_id`, `created_at`, `updated_at`) VALUES (69, 64, 2, '2020-02-19 06:34:43', '2020-11-26 17:06:20');
INSERT INTO `books_statuses` (`user_id`, `book_id`, `book_status_id`, `created_at`, `updated_at`) VALUES (73, 3, 4, '2018-01-10 02:03:49', '2020-06-20 14:47:07');
INSERT INTO `books_statuses` (`user_id`, `book_id`, `book_status_id`, `created_at`, `updated_at`) VALUES (52, 64, 3, '2014-05-27 17:19:18', '2020-12-31 16:47:56');
INSERT INTO `books_statuses` (`user_id`, `book_id`, `book_status_id`, `created_at`, `updated_at`) VALUES (70, 28, 1, '2014-07-17 07:54:52', '2020-08-15 23:11:49');
INSERT INTO `books_statuses` (`user_id`, `book_id`, `book_status_id`, `created_at`, `updated_at`) VALUES (77, 82, 4, '2014-03-05 02:45:13', '2020-09-01 10:08:25');
INSERT INTO `books_statuses` (`user_id`, `book_id`, `book_status_id`, `created_at`, `updated_at`) VALUES (5, 53, 1, '2016-06-03 13:15:35', '2021-02-26 22:19:30');
INSERT INTO `books_statuses` (`user_id`, `book_id`, `book_status_id`, `created_at`, `updated_at`) VALUES (93, 7, 4, '2012-03-26 05:30:02', '2020-05-08 13:17:44');
INSERT INTO `books_statuses` (`user_id`, `book_id`, `book_status_id`, `created_at`, `updated_at`) VALUES (40, 74, 3, '2013-12-04 02:41:18', '2020-04-27 18:28:58');
INSERT INTO `books_statuses` (`user_id`, `book_id`, `book_status_id`, `created_at`, `updated_at`) VALUES (99, 71, 2, '2011-04-05 05:41:35', '2020-04-28 06:28:01');
INSERT INTO `books_statuses` (`user_id`, `book_id`, `book_status_id`, `created_at`, `updated_at`) VALUES (65, 1, 4, '2020-04-29 13:30:21', '2021-02-13 19:22:08');
INSERT INTO `books_statuses` (`user_id`, `book_id`, `book_status_id`, `created_at`, `updated_at`) VALUES (69, 9, 2, '2015-07-16 15:39:29', '2021-01-03 22:44:14');
INSERT INTO `books_statuses` (`user_id`, `book_id`, `book_status_id`, `created_at`, `updated_at`) VALUES (34, 57, 3, '2011-07-13 13:26:04', '2021-01-01 22:12:19');
INSERT INTO `books_statuses` (`user_id`, `book_id`, `book_status_id`, `created_at`, `updated_at`) VALUES (32, 23, 1, '2017-06-13 06:26:41', '2020-12-09 10:28:18');
INSERT INTO `books_statuses` (`user_id`, `book_id`, `book_status_id`, `created_at`, `updated_at`) VALUES (43, 47, 2, '2013-06-23 08:18:07', '2020-11-16 12:01:08');
INSERT INTO `books_statuses` (`user_id`, `book_id`, `book_status_id`, `created_at`, `updated_at`) VALUES (56, 55, 4, '2020-09-24 23:28:07', '2020-06-21 07:01:31');
INSERT INTO `books_statuses` (`user_id`, `book_id`, `book_status_id`, `created_at`, `updated_at`) VALUES (81, 18, 4, '2014-08-03 12:27:06', '2021-01-09 11:01:48');
INSERT INTO `books_statuses` (`user_id`, `book_id`, `book_status_id`, `created_at`, `updated_at`) VALUES (21, 15, 4, '2019-01-26 14:44:20', '2021-02-15 17:48:17');
INSERT INTO `books_statuses` (`user_id`, `book_id`, `book_status_id`, `created_at`, `updated_at`) VALUES (96, 52, 3, '2018-03-07 10:44:43', '2020-06-13 22:43:12');
INSERT INTO `books_statuses` (`user_id`, `book_id`, `book_status_id`, `created_at`, `updated_at`) VALUES (7, 72, 4, '2012-06-08 13:18:27', '2020-11-20 01:37:21');
INSERT INTO `books_statuses` (`user_id`, `book_id`, `book_status_id`, `created_at`, `updated_at`) VALUES (60, 17, 2, '2017-08-06 19:24:22', '2021-01-20 03:07:19');
INSERT INTO `books_statuses` (`user_id`, `book_id`, `book_status_id`, `created_at`, `updated_at`) VALUES (81, 29, 4, '2015-05-02 21:49:11', '2020-07-21 16:41:58');
INSERT INTO `books_statuses` (`user_id`, `book_id`, `book_status_id`, `created_at`, `updated_at`) VALUES (15, 42, 3, '2012-09-19 17:30:44', '2021-01-31 23:58:21');
INSERT INTO `books_statuses` (`user_id`, `book_id`, `book_status_id`, `created_at`, `updated_at`) VALUES (7, 10, 2, '2015-02-12 09:41:32', '2020-12-28 20:56:02');
INSERT INTO `books_statuses` (`user_id`, `book_id`, `book_status_id`, `created_at`, `updated_at`) VALUES (49, 97, 1, '2019-01-31 05:06:12', '2020-05-05 21:34:23');
INSERT INTO `books_statuses` (`user_id`, `book_id`, `book_status_id`, `created_at`, `updated_at`) VALUES (48, 100, 1, '2020-01-14 04:33:25', '2020-12-27 22:38:36');
INSERT INTO `books_statuses` (`user_id`, `book_id`, `book_status_id`, `created_at`, `updated_at`) VALUES (3, 47, 4, '2020-10-07 22:03:17', '2020-06-27 06:07:55');
INSERT INTO `books_statuses` (`user_id`, `book_id`, `book_status_id`, `created_at`, `updated_at`) VALUES (51, 33, 3, '2015-04-27 20:27:09', '2021-01-01 17:54:44');
INSERT INTO `books_statuses` (`user_id`, `book_id`, `book_status_id`, `created_at`, `updated_at`) VALUES (5, 44, 1, '2015-03-31 03:58:38', '2020-07-22 16:01:51');
INSERT INTO `books_statuses` (`user_id`, `book_id`, `book_status_id`, `created_at`, `updated_at`) VALUES (10, 6, 3, '2014-01-19 00:15:52', '2020-06-16 09:09:16');
INSERT INTO `books_statuses` (`user_id`, `book_id`, `book_status_id`, `created_at`, `updated_at`) VALUES (22, 52, 4, '2014-07-17 07:13:53', '2020-11-23 22:52:13');
INSERT INTO `books_statuses` (`user_id`, `book_id`, `book_status_id`, `created_at`, `updated_at`) VALUES (31, 97, 4, '2014-12-06 06:17:00', '2020-11-28 05:00:25');
INSERT INTO `books_statuses` (`user_id`, `book_id`, `book_status_id`, `created_at`, `updated_at`) VALUES (29, 20, 3, '2013-06-29 01:29:53', '2020-12-11 08:05:13');
INSERT INTO `books_statuses` (`user_id`, `book_id`, `book_status_id`, `created_at`, `updated_at`) VALUES (81, 42, 2, '2019-08-19 01:36:20', '2020-06-13 08:39:14');
INSERT INTO `books_statuses` (`user_id`, `book_id`, `book_status_id`, `created_at`, `updated_at`) VALUES (86, 76, 4, '2020-01-19 15:58:18', '2020-04-26 07:39:10');
INSERT INTO `books_statuses` (`user_id`, `book_id`, `book_status_id`, `created_at`, `updated_at`) VALUES (83, 48, 4, '2014-09-22 11:19:37', '2020-08-12 14:52:38');
INSERT INTO `books_statuses` (`user_id`, `book_id`, `book_status_id`, `created_at`, `updated_at`) VALUES (83, 78, 1, '2016-07-25 20:29:28', '2021-02-12 10:56:50');
INSERT INTO `books_statuses` (`user_id`, `book_id`, `book_status_id`, `created_at`, `updated_at`) VALUES (2, 21, 4, '2020-06-03 02:30:23', '2020-06-07 03:13:02');
INSERT INTO `books_statuses` (`user_id`, `book_id`, `book_status_id`, `created_at`, `updated_at`) VALUES (91, 59, 1, '2014-03-21 10:46:41', '2020-10-26 06:43:37');
INSERT INTO `books_statuses` (`user_id`, `book_id`, `book_status_id`, `created_at`, `updated_at`) VALUES (92, 28, 2, '2021-02-22 19:16:34', '2020-09-13 15:42:30');
INSERT INTO `books_statuses` (`user_id`, `book_id`, `book_status_id`, `created_at`, `updated_at`) VALUES (26, 85, 4, '2014-12-11 13:48:01', '2021-01-04 14:55:16');
INSERT INTO `books_statuses` (`user_id`, `book_id`, `book_status_id`, `created_at`, `updated_at`) VALUES (7, 35, 4, '2018-12-11 20:46:38', '2020-08-23 07:25:59');
INSERT INTO `books_statuses` (`user_id`, `book_id`, `book_status_id`, `created_at`, `updated_at`) VALUES (98, 32, 3, '2014-08-16 14:51:59', '2020-10-30 07:20:59');
INSERT INTO `books_statuses` (`user_id`, `book_id`, `book_status_id`, `created_at`, `updated_at`) VALUES (75, 64, 1, '2021-03-12 22:00:20', '2020-07-06 14:14:48');
INSERT INTO `books_statuses` (`user_id`, `book_id`, `book_status_id`, `created_at`, `updated_at`) VALUES (1, 91, 2, '2016-12-02 15:38:39', '2020-10-18 11:49:22');
INSERT INTO `books_statuses` (`user_id`, `book_id`, `book_status_id`, `created_at`, `updated_at`) VALUES (1, 68, 2, '2015-02-22 09:21:38', '2020-11-08 16:53:23');
INSERT INTO `books_statuses` (`user_id`, `book_id`, `book_status_id`, `created_at`, `updated_at`) VALUES (100, 72, 2, '2014-01-11 03:48:54', '2020-12-15 05:59:35');
INSERT INTO `books_statuses` (`user_id`, `book_id`, `book_status_id`, `created_at`, `updated_at`) VALUES (54, 68, 3, '2019-12-17 20:30:56', '2020-09-05 19:16:46');
INSERT INTO `books_statuses` (`user_id`, `book_id`, `book_status_id`, `created_at`, `updated_at`) VALUES (22, 33, 4, '2015-02-13 14:27:47', '2020-09-08 03:47:39');
INSERT INTO `books_statuses` (`user_id`, `book_id`, `book_status_id`, `created_at`, `updated_at`) VALUES (4, 2, 3, '2017-03-14 03:01:34', '2020-05-07 13:52:18');
INSERT INTO `books_statuses` (`user_id`, `book_id`, `book_status_id`, `created_at`, `updated_at`) VALUES (36, 68, 3, '2017-06-17 13:30:19', '2020-10-26 18:34:50');
INSERT INTO `books_statuses` (`user_id`, `book_id`, `book_status_id`, `created_at`, `updated_at`) VALUES (63, 77, 3, '2020-04-26 09:10:38', '2020-09-19 09:00:05');
INSERT INTO `books_statuses` (`user_id`, `book_id`, `book_status_id`, `created_at`, `updated_at`) VALUES (85, 76, 1, '2014-01-05 01:17:36', '2020-07-18 12:41:33');
INSERT INTO `books_statuses` (`user_id`, `book_id`, `book_status_id`, `created_at`, `updated_at`) VALUES (96, 48, 4, '2012-12-03 23:29:43', '2021-02-11 08:27:39');
INSERT INTO `books_statuses` (`user_id`, `book_id`, `book_status_id`, `created_at`, `updated_at`) VALUES (46, 20, 4, '2020-03-14 03:45:45', '2020-05-17 04:38:37');
INSERT INTO `books_statuses` (`user_id`, `book_id`, `book_status_id`, `created_at`, `updated_at`) VALUES (71, 35, 3, '2011-08-29 23:29:47', '2020-10-04 22:46:06');
INSERT INTO `books_statuses` (`user_id`, `book_id`, `book_status_id`, `created_at`, `updated_at`) VALUES (47, 66, 2, '2020-06-10 13:52:58', '2020-05-31 10:33:50');
INSERT INTO `books_statuses` (`user_id`, `book_id`, `book_status_id`, `created_at`, `updated_at`) VALUES (35, 73, 2, '2018-10-04 18:59:33', '2020-06-19 21:35:36');
INSERT INTO `books_statuses` (`user_id`, `book_id`, `book_status_id`, `created_at`, `updated_at`) VALUES (57, 48, 2, '2019-09-29 17:01:03', '2020-11-28 04:56:20');
INSERT INTO `books_statuses` (`user_id`, `book_id`, `book_status_id`, `created_at`, `updated_at`) VALUES (25, 69, 3, '2015-12-10 02:36:29', '2020-03-20 04:36:23');
INSERT INTO `books_statuses` (`user_id`, `book_id`, `book_status_id`, `created_at`, `updated_at`) VALUES (67, 55, 2, '2019-09-28 19:55:11', '2021-01-19 23:13:13');
INSERT INTO `books_statuses` (`user_id`, `book_id`, `book_status_id`, `created_at`, `updated_at`) VALUES (99, 26, 3, '2012-09-16 15:32:26', '2020-09-22 04:57:55');
INSERT INTO `books_statuses` (`user_id`, `book_id`, `book_status_id`, `created_at`, `updated_at`) VALUES (72, 91, 2, '2020-05-22 10:56:44', '2020-08-06 16:08:41');
INSERT INTO `books_statuses` (`user_id`, `book_id`, `book_status_id`, `created_at`, `updated_at`) VALUES (60, 20, 3, '2013-03-25 23:52:37', '2020-11-20 14:23:00');
INSERT INTO `books_statuses` (`user_id`, `book_id`, `book_status_id`, `created_at`, `updated_at`) VALUES (74, 82, 1, '2011-07-05 03:20:49', '2020-06-22 12:30:54');
INSERT INTO `books_statuses` (`user_id`, `book_id`, `book_status_id`, `created_at`, `updated_at`) VALUES (42, 41, 3, '2020-05-12 17:49:43', '2021-03-03 20:17:56');
INSERT INTO `books_statuses` (`user_id`, `book_id`, `book_status_id`, `created_at`, `updated_at`) VALUES (65, 51, 4, '2016-06-12 22:55:46', '2020-11-26 04:44:33');
INSERT INTO `books_statuses` (`user_id`, `book_id`, `book_status_id`, `created_at`, `updated_at`) VALUES (3, 62, 1, '2015-12-16 01:51:22', '2020-06-09 17:59:29');
INSERT INTO `books_statuses` (`user_id`, `book_id`, `book_status_id`, `created_at`, `updated_at`) VALUES (95, 31, 1, '2019-08-19 18:26:03', '2020-07-30 12:40:20');
INSERT INTO `books_statuses` (`user_id`, `book_id`, `book_status_id`, `created_at`, `updated_at`) VALUES (16, 64, 2, '2021-01-24 14:22:43', '2020-11-15 02:23:55');
INSERT INTO `books_statuses` (`user_id`, `book_id`, `book_status_id`, `created_at`, `updated_at`) VALUES (85, 57, 3, '2017-03-08 23:21:28', '2020-09-19 13:17:16');
INSERT INTO `books_statuses` (`user_id`, `book_id`, `book_status_id`, `created_at`, `updated_at`) VALUES (36, 17, 1, '2019-06-01 19:03:34', '2021-03-09 16:24:18');
INSERT INTO `books_statuses` (`user_id`, `book_id`, `book_status_id`, `created_at`, `updated_at`) VALUES (90, 88, 2, '2016-07-06 10:01:48', '2020-05-28 14:19:05');
INSERT INTO `books_statuses` (`user_id`, `book_id`, `book_status_id`, `created_at`, `updated_at`) VALUES (30, 6, 1, '2018-03-31 16:48:16', '2021-03-05 19:42:59');
INSERT INTO `books_statuses` (`user_id`, `book_id`, `book_status_id`, `created_at`, `updated_at`) VALUES (98, 16, 4, '2014-02-16 12:23:09', '2020-05-15 17:33:29');
INSERT INTO `books_statuses` (`user_id`, `book_id`, `book_status_id`, `created_at`, `updated_at`) VALUES (32, 61, 4, '2020-01-27 01:09:33', '2020-03-25 23:14:42');
INSERT INTO `books_statuses` (`user_id`, `book_id`, `book_status_id`, `created_at`, `updated_at`) VALUES (50, 88, 2, '2020-01-11 08:40:06', '2020-08-27 16:56:23');
INSERT INTO `books_statuses` (`user_id`, `book_id`, `book_status_id`, `created_at`, `updated_at`) VALUES (27, 60, 3, '2015-04-07 11:54:08', '2020-07-07 11:04:12');
INSERT INTO `books_statuses` (`user_id`, `book_id`, `book_status_id`, `created_at`, `updated_at`) VALUES (38, 16, 2, '2016-12-23 23:01:19', '2020-08-07 07:27:16');
INSERT INTO `books_statuses` (`user_id`, `book_id`, `book_status_id`, `created_at`, `updated_at`) VALUES (69, 69, 1, '2014-11-12 01:35:00', '2020-08-27 20:12:05');
INSERT INTO `books_statuses` (`user_id`, `book_id`, `book_status_id`, `created_at`, `updated_at`) VALUES (7, 95, 1, '2017-10-24 22:28:59', '2021-03-11 09:09:25');
INSERT INTO `books_statuses` (`user_id`, `book_id`, `book_status_id`, `created_at`, `updated_at`) VALUES (55, 74, 2, '2021-02-18 17:16:21', '2020-12-23 07:24:59');
INSERT INTO `books_statuses` (`user_id`, `book_id`, `book_status_id`, `created_at`, `updated_at`) VALUES (7, 64, 3, '2020-12-06 17:43:32', '2020-11-19 09:08:58');
INSERT INTO `books_statuses` (`user_id`, `book_id`, `book_status_id`, `created_at`, `updated_at`) VALUES (8, 87, 4, '2019-11-22 14:10:35', '2020-05-07 18:30:34');
INSERT INTO `books_statuses` (`user_id`, `book_id`, `book_status_id`, `created_at`, `updated_at`) VALUES (53, 11, 2, '2017-10-23 01:00:23', '2020-11-23 00:04:46');
INSERT INTO `books_statuses` (`user_id`, `book_id`, `book_status_id`, `created_at`, `updated_at`) VALUES (40, 52, 2, '2015-06-16 07:28:00', '2020-07-10 23:06:34');
INSERT INTO `books_statuses` (`user_id`, `book_id`, `book_status_id`, `created_at`, `updated_at`) VALUES (14, 5, 1, '2015-12-26 21:42:56', '2020-12-16 17:01:39');
INSERT INTO `books_statuses` (`user_id`, `book_id`, `book_status_id`, `created_at`, `updated_at`) VALUES (40, 15, 2, '2012-07-01 22:28:43', '2020-11-25 15:16:44');
INSERT INTO `books_statuses` (`user_id`, `book_id`, `book_status_id`, `created_at`, `updated_at`) VALUES (7, 58, 2, '2012-12-13 13:59:28', '2020-05-24 07:26:21');
INSERT INTO `books_statuses` (`user_id`, `book_id`, `book_status_id`, `created_at`, `updated_at`) VALUES (40, 67, 4, '2017-08-23 02:57:32', '2020-07-02 12:41:13');
INSERT INTO `books_statuses` (`user_id`, `book_id`, `book_status_id`, `created_at`, `updated_at`) VALUES (43, 35, 1, '2011-12-01 08:37:47', '2020-07-03 03:30:24');
INSERT INTO `books_statuses` (`user_id`, `book_id`, `book_status_id`, `created_at`, `updated_at`) VALUES (46, 65, 2, '2014-10-11 18:02:20', '2020-05-11 20:38:44');
INSERT INTO `books_statuses` (`user_id`, `book_id`, `book_status_id`, `created_at`, `updated_at`) VALUES (13, 87, 3, '2011-08-09 20:22:20', '2021-01-24 20:47:03');
INSERT INTO `books_statuses` (`user_id`, `book_id`, `book_status_id`, `created_at`, `updated_at`) VALUES (63, 75, 1, '2013-02-05 11:23:54', '2020-10-05 03:58:03');
INSERT INTO `books_statuses` (`user_id`, `book_id`, `book_status_id`, `created_at`, `updated_at`) VALUES (47, 28, 4, '2018-12-14 22:57:29', '2020-07-26 09:15:18');
INSERT INTO `books_statuses` (`user_id`, `book_id`, `book_status_id`, `created_at`, `updated_at`) VALUES (21, 32, 2, '2020-02-29 12:01:26', '2020-10-10 19:05:29');
INSERT INTO `books_statuses` (`user_id`, `book_id`, `book_status_id`, `created_at`, `updated_at`) VALUES (47, 40, 1, '2017-10-18 21:41:01', '2020-08-29 15:23:24');


-- Жанры книг
INSERT INTO `genres_books` (`books_id`, `genres_id`, `created_at`, `updated_at`) VALUES (51, 3, '2012-07-07 09:53:16', '2020-03-27 09:08:07');
INSERT INTO `genres_books` (`books_id`, `genres_id`, `created_at`, `updated_at`) VALUES (35, 10, '2019-07-07 14:19:56', '2021-02-11 15:44:10');
INSERT INTO `genres_books` (`books_id`, `genres_id`, `created_at`, `updated_at`) VALUES (87, 4, '2021-03-15 06:53:33', '2021-03-18 16:18:04');
INSERT INTO `genres_books` (`books_id`, `genres_id`, `created_at`, `updated_at`) VALUES (100, 7, '2018-03-29 22:13:16', '2020-03-22 17:54:49');
INSERT INTO `genres_books` (`books_id`, `genres_id`, `created_at`, `updated_at`) VALUES (93, 3, '2014-11-05 23:35:33', '2020-10-08 21:40:04');
INSERT INTO `genres_books` (`books_id`, `genres_id`, `created_at`, `updated_at`) VALUES (76, 9, '2020-06-07 10:26:49', '2021-02-07 23:21:44');
INSERT INTO `genres_books` (`books_id`, `genres_id`, `created_at`, `updated_at`) VALUES (19, 2, '2015-06-01 21:28:29', '2021-03-12 08:32:33');
INSERT INTO `genres_books` (`books_id`, `genres_id`, `created_at`, `updated_at`) VALUES (38, 4, '2013-10-20 00:46:48', '2020-04-26 18:19:51');
INSERT INTO `genres_books` (`books_id`, `genres_id`, `created_at`, `updated_at`) VALUES (14, 7, '2011-04-05 11:58:07', '2020-03-28 07:25:45');
INSERT INTO `genres_books` (`books_id`, `genres_id`, `created_at`, `updated_at`) VALUES (76, 4, '2016-05-19 12:38:34', '2020-10-02 09:10:31');
INSERT INTO `genres_books` (`books_id`, `genres_id`, `created_at`, `updated_at`) VALUES (43, 10, '2017-05-13 20:23:37', '2020-11-12 07:37:20');
INSERT INTO `genres_books` (`books_id`, `genres_id`, `created_at`, `updated_at`) VALUES (64, 10, '2019-01-23 02:26:13', '2020-08-22 01:49:39');
INSERT INTO `genres_books` (`books_id`, `genres_id`, `created_at`, `updated_at`) VALUES (13, 9, '2018-03-18 15:28:23', '2021-01-11 18:03:02');
INSERT INTO `genres_books` (`books_id`, `genres_id`, `created_at`, `updated_at`) VALUES (64, 8, '2018-04-10 16:33:07', '2021-02-09 17:39:09');
INSERT INTO `genres_books` (`books_id`, `genres_id`, `created_at`, `updated_at`) VALUES (21, 1, '2015-03-02 19:48:37', '2020-12-06 16:27:08');
INSERT INTO `genres_books` (`books_id`, `genres_id`, `created_at`, `updated_at`) VALUES (13, 2, '2019-07-19 16:05:44', '2020-09-10 02:29:31');
INSERT INTO `genres_books` (`books_id`, `genres_id`, `created_at`, `updated_at`) VALUES (17, 2, '2014-10-29 05:13:45', '2020-09-04 23:37:29');
INSERT INTO `genres_books` (`books_id`, `genres_id`, `created_at`, `updated_at`) VALUES (11, 7, '2015-10-08 17:56:16', '2020-11-26 06:48:05');
INSERT INTO `genres_books` (`books_id`, `genres_id`, `created_at`, `updated_at`) VALUES (98, 9, '2011-06-30 10:57:07', '2020-12-03 21:56:31');
INSERT INTO `genres_books` (`books_id`, `genres_id`, `created_at`, `updated_at`) VALUES (52, 1, '2015-05-15 23:20:32', '2020-12-19 11:15:26');
INSERT INTO `genres_books` (`books_id`, `genres_id`, `created_at`, `updated_at`) VALUES (25, 9, '2017-04-12 20:24:26', '2020-10-13 01:46:15');
INSERT INTO `genres_books` (`books_id`, `genres_id`, `created_at`, `updated_at`) VALUES (99, 7, '2020-09-24 07:24:27', '2020-04-29 03:45:07');
INSERT INTO `genres_books` (`books_id`, `genres_id`, `created_at`, `updated_at`) VALUES (40, 3, '2017-02-26 07:30:06', '2020-11-28 16:30:05');
INSERT INTO `genres_books` (`books_id`, `genres_id`, `created_at`, `updated_at`) VALUES (9, 8, '2014-07-23 16:59:43', '2020-09-19 00:02:36');
INSERT INTO `genres_books` (`books_id`, `genres_id`, `created_at`, `updated_at`) VALUES (95, 3, '2018-12-24 04:32:52', '2020-08-18 09:38:07');
INSERT INTO `genres_books` (`books_id`, `genres_id`, `created_at`, `updated_at`) VALUES (65, 10, '2020-04-14 05:30:03', '2021-01-29 20:20:32');
INSERT INTO `genres_books` (`books_id`, `genres_id`, `created_at`, `updated_at`) VALUES (91, 3, '2019-06-28 23:29:07', '2020-05-14 20:44:52');
INSERT INTO `genres_books` (`books_id`, `genres_id`, `created_at`, `updated_at`) VALUES (21, 7, '2014-07-25 02:51:36', '2021-02-13 17:55:31');
INSERT INTO `genres_books` (`books_id`, `genres_id`, `created_at`, `updated_at`) VALUES (96, 9, '2015-06-19 22:41:33', '2020-05-28 03:53:13');
INSERT INTO `genres_books` (`books_id`, `genres_id`, `created_at`, `updated_at`) VALUES (85, 8, '2015-07-24 09:59:04', '2021-02-06 17:20:40');
INSERT INTO `genres_books` (`books_id`, `genres_id`, `created_at`, `updated_at`) VALUES (31, 6, '2014-06-19 12:50:07', '2020-10-06 16:57:07');
INSERT INTO `genres_books` (`books_id`, `genres_id`, `created_at`, `updated_at`) VALUES (49, 10, '2019-12-07 21:16:35', '2020-08-07 14:52:30');
INSERT INTO `genres_books` (`books_id`, `genres_id`, `created_at`, `updated_at`) VALUES (80, 6, '2013-06-12 22:23:51', '2020-11-07 22:39:50');
INSERT INTO `genres_books` (`books_id`, `genres_id`, `created_at`, `updated_at`) VALUES (56, 5, '2018-03-24 22:00:01', '2020-12-16 09:31:35');
INSERT INTO `genres_books` (`books_id`, `genres_id`, `created_at`, `updated_at`) VALUES (13, 10, '2015-09-16 13:03:43', '2020-07-18 21:48:09');
INSERT INTO `genres_books` (`books_id`, `genres_id`, `created_at`, `updated_at`) VALUES (33, 2, '2020-04-20 14:00:07', '2020-08-30 12:36:13');
INSERT INTO `genres_books` (`books_id`, `genres_id`, `created_at`, `updated_at`) VALUES (12, 6, '2014-05-31 15:37:07', '2020-06-26 11:55:54');
INSERT INTO `genres_books` (`books_id`, `genres_id`, `created_at`, `updated_at`) VALUES (50, 8, '2016-01-21 03:12:22', '2020-08-18 17:17:53');
INSERT INTO `genres_books` (`books_id`, `genres_id`, `created_at`, `updated_at`) VALUES (36, 2, '2019-01-03 12:39:41', '2020-04-23 22:55:50');
INSERT INTO `genres_books` (`books_id`, `genres_id`, `created_at`, `updated_at`) VALUES (7, 7, '2020-01-08 07:35:43', '2020-11-29 08:07:55');
INSERT INTO `genres_books` (`books_id`, `genres_id`, `created_at`, `updated_at`) VALUES (23, 2, '2011-10-04 17:10:36', '2021-01-18 00:40:31');
INSERT INTO `genres_books` (`books_id`, `genres_id`, `created_at`, `updated_at`) VALUES (94, 6, '2012-02-09 04:04:25', '2020-05-20 19:30:53');
INSERT INTO `genres_books` (`books_id`, `genres_id`, `created_at`, `updated_at`) VALUES (38, 7, '2019-03-08 18:11:25', '2020-08-29 00:28:35');
INSERT INTO `genres_books` (`books_id`, `genres_id`, `created_at`, `updated_at`) VALUES (48, 1, '2020-03-20 14:07:55', '2020-11-14 10:59:31');
INSERT INTO `genres_books` (`books_id`, `genres_id`, `created_at`, `updated_at`) VALUES (84, 10, '2017-11-16 11:31:28', '2020-10-11 09:15:29');
INSERT INTO `genres_books` (`books_id`, `genres_id`, `created_at`, `updated_at`) VALUES (61, 4, '2014-07-30 12:33:48', '2021-03-19 23:17:39');
INSERT INTO `genres_books` (`books_id`, `genres_id`, `created_at`, `updated_at`) VALUES (10, 1, '2018-11-09 01:31:19', '2021-03-10 15:34:03');
INSERT INTO `genres_books` (`books_id`, `genres_id`, `created_at`, `updated_at`) VALUES (78, 8, '2014-08-13 16:40:27', '2021-03-04 02:58:18');
INSERT INTO `genres_books` (`books_id`, `genres_id`, `created_at`, `updated_at`) VALUES (6, 6, '2016-04-01 10:49:10', '2020-08-10 09:30:46');
INSERT INTO `genres_books` (`books_id`, `genres_id`, `created_at`, `updated_at`) VALUES (95, 7, '2016-05-03 11:26:21', '2020-10-27 18:40:35');
INSERT INTO `genres_books` (`books_id`, `genres_id`, `created_at`, `updated_at`) VALUES (65, 2, '2016-10-09 14:39:40', '2020-07-16 03:53:34');
INSERT INTO `genres_books` (`books_id`, `genres_id`, `created_at`, `updated_at`) VALUES (99, 1, '2012-03-06 09:52:39', '2020-11-23 04:11:49');
INSERT INTO `genres_books` (`books_id`, `genres_id`, `created_at`, `updated_at`) VALUES (67, 10, '2019-12-28 00:02:42', '2020-07-20 22:44:35');
INSERT INTO `genres_books` (`books_id`, `genres_id`, `created_at`, `updated_at`) VALUES (100, 1, '2017-05-29 18:54:25', '2020-05-29 20:46:33');
INSERT INTO `genres_books` (`books_id`, `genres_id`, `created_at`, `updated_at`) VALUES (13, 7, '2018-07-20 07:33:07', '2020-07-12 09:49:40');
INSERT INTO `genres_books` (`books_id`, `genres_id`, `created_at`, `updated_at`) VALUES (9, 7, '2014-02-23 05:30:08', '2020-10-31 08:13:09');
INSERT INTO `genres_books` (`books_id`, `genres_id`, `created_at`, `updated_at`) VALUES (46, 7, '2017-02-28 22:26:27', '2021-01-08 12:48:43');
INSERT INTO `genres_books` (`books_id`, `genres_id`, `created_at`, `updated_at`) VALUES (99, 7, '2016-06-24 16:03:00', '2020-10-07 13:44:13');
INSERT INTO `genres_books` (`books_id`, `genres_id`, `created_at`, `updated_at`) VALUES (11, 3, '2018-07-05 12:43:41', '2020-09-04 22:31:38');
INSERT INTO `genres_books` (`books_id`, `genres_id`, `created_at`, `updated_at`) VALUES (3, 4, '2020-01-14 15:03:25', '2020-12-18 05:57:18');
INSERT INTO `genres_books` (`books_id`, `genres_id`, `created_at`, `updated_at`) VALUES (25, 3, '2018-12-20 20:50:32', '2021-01-11 06:11:39');
INSERT INTO `genres_books` (`books_id`, `genres_id`, `created_at`, `updated_at`) VALUES (43, 3, '2018-09-23 17:01:01', '2020-05-15 17:46:51');
INSERT INTO `genres_books` (`books_id`, `genres_id`, `created_at`, `updated_at`) VALUES (20, 6, '2013-06-16 05:54:29', '2021-01-29 12:43:57');
INSERT INTO `genres_books` (`books_id`, `genres_id`, `created_at`, `updated_at`) VALUES (42, 1, '2012-10-16 17:37:25', '2020-12-02 14:07:39');
INSERT INTO `genres_books` (`books_id`, `genres_id`, `created_at`, `updated_at`) VALUES (73, 10, '2011-07-20 11:18:43', '2020-10-29 03:13:05');
INSERT INTO `genres_books` (`books_id`, `genres_id`, `created_at`, `updated_at`) VALUES (56, 10, '2011-04-11 13:22:40', '2021-03-02 19:40:24');
INSERT INTO `genres_books` (`books_id`, `genres_id`, `created_at`, `updated_at`) VALUES (4, 9, '2012-03-05 06:22:41', '2020-08-30 05:02:02');
INSERT INTO `genres_books` (`books_id`, `genres_id`, `created_at`, `updated_at`) VALUES (99, 1, '2019-10-08 22:26:00', '2021-03-21 19:49:04');
INSERT INTO `genres_books` (`books_id`, `genres_id`, `created_at`, `updated_at`) VALUES (26, 2, '2018-05-14 07:44:15', '2020-10-13 18:26:25');
INSERT INTO `genres_books` (`books_id`, `genres_id`, `created_at`, `updated_at`) VALUES (43, 8, '2018-11-20 02:55:46', '2020-07-04 19:12:24');
INSERT INTO `genres_books` (`books_id`, `genres_id`, `created_at`, `updated_at`) VALUES (86, 9, '2020-03-13 10:34:14', '2021-02-26 02:05:54');
INSERT INTO `genres_books` (`books_id`, `genres_id`, `created_at`, `updated_at`) VALUES (43, 10, '2014-08-07 03:12:28', '2020-05-31 22:38:05');
INSERT INTO `genres_books` (`books_id`, `genres_id`, `created_at`, `updated_at`) VALUES (16, 6, '2016-07-01 14:43:55', '2020-10-10 09:51:19');
INSERT INTO `genres_books` (`books_id`, `genres_id`, `created_at`, `updated_at`) VALUES (65, 7, '2014-12-20 09:54:14', '2021-02-13 07:39:16');
INSERT INTO `genres_books` (`books_id`, `genres_id`, `created_at`, `updated_at`) VALUES (21, 5, '2012-06-07 04:42:13', '2020-09-19 06:52:13');
INSERT INTO `genres_books` (`books_id`, `genres_id`, `created_at`, `updated_at`) VALUES (73, 5, '2015-09-14 14:14:10', '2020-12-18 09:25:58');
INSERT INTO `genres_books` (`books_id`, `genres_id`, `created_at`, `updated_at`) VALUES (4, 9, '2020-05-08 13:42:40', '2020-08-01 05:00:30');
INSERT INTO `genres_books` (`books_id`, `genres_id`, `created_at`, `updated_at`) VALUES (20, 3, '2015-07-05 09:06:01', '2020-04-10 23:06:44');
INSERT INTO `genres_books` (`books_id`, `genres_id`, `created_at`, `updated_at`) VALUES (60, 10, '2018-12-23 20:01:52', '2020-05-24 19:06:37');
INSERT INTO `genres_books` (`books_id`, `genres_id`, `created_at`, `updated_at`) VALUES (20, 2, '2017-07-16 23:55:59', '2021-02-08 04:53:22');
INSERT INTO `genres_books` (`books_id`, `genres_id`, `created_at`, `updated_at`) VALUES (32, 7, '2019-02-14 04:31:45', '2020-05-17 23:49:00');
INSERT INTO `genres_books` (`books_id`, `genres_id`, `created_at`, `updated_at`) VALUES (63, 7, '2013-05-17 18:49:23', '2020-11-26 22:39:27');
INSERT INTO `genres_books` (`books_id`, `genres_id`, `created_at`, `updated_at`) VALUES (79, 5, '2012-04-29 17:17:47', '2020-10-05 10:08:44');
INSERT INTO `genres_books` (`books_id`, `genres_id`, `created_at`, `updated_at`) VALUES (100, 3, '2012-04-10 13:38:57', '2020-08-09 16:23:12');
INSERT INTO `genres_books` (`books_id`, `genres_id`, `created_at`, `updated_at`) VALUES (13, 8, '2013-03-16 15:58:52', '2020-06-25 15:19:49');
INSERT INTO `genres_books` (`books_id`, `genres_id`, `created_at`, `updated_at`) VALUES (50, 8, '2016-05-27 12:46:07', '2020-09-08 21:01:52');
INSERT INTO `genres_books` (`books_id`, `genres_id`, `created_at`, `updated_at`) VALUES (38, 8, '2011-08-15 11:03:20', '2021-02-20 12:59:58');
INSERT INTO `genres_books` (`books_id`, `genres_id`, `created_at`, `updated_at`) VALUES (76, 10, '2011-09-23 06:30:58', '2020-04-03 02:36:28');
INSERT INTO `genres_books` (`books_id`, `genres_id`, `created_at`, `updated_at`) VALUES (23, 2, '2017-06-25 05:24:01', '2020-06-04 05:44:19');
INSERT INTO `genres_books` (`books_id`, `genres_id`, `created_at`, `updated_at`) VALUES (95, 7, '2019-06-01 03:57:19', '2020-05-03 14:43:38');
INSERT INTO `genres_books` (`books_id`, `genres_id`, `created_at`, `updated_at`) VALUES (76, 4, '2015-12-11 19:33:28', '2020-03-24 03:57:41');
INSERT INTO `genres_books` (`books_id`, `genres_id`, `created_at`, `updated_at`) VALUES (88, 8, '2016-06-02 05:32:09', '2020-04-03 20:52:07');
INSERT INTO `genres_books` (`books_id`, `genres_id`, `created_at`, `updated_at`) VALUES (55, 2, '2014-12-12 22:51:37', '2021-03-19 09:45:44');
INSERT INTO `genres_books` (`books_id`, `genres_id`, `created_at`, `updated_at`) VALUES (61, 7, '2014-08-14 01:10:57', '2020-08-20 07:19:51');
INSERT INTO `genres_books` (`books_id`, `genres_id`, `created_at`, `updated_at`) VALUES (35, 4, '2012-10-05 14:28:39', '2020-12-04 17:27:06');
INSERT INTO `genres_books` (`books_id`, `genres_id`, `created_at`, `updated_at`) VALUES (76, 1, '2014-11-21 02:19:16', '2021-01-26 04:02:31');
INSERT INTO `genres_books` (`books_id`, `genres_id`, `created_at`, `updated_at`) VALUES (82, 9, '2020-05-25 22:26:09', '2021-02-05 14:50:31');
INSERT INTO `genres_books` (`books_id`, `genres_id`, `created_at`, `updated_at`) VALUES (62, 1, '2015-06-10 12:57:07', '2020-06-13 05:36:40');
INSERT INTO `genres_books` (`books_id`, `genres_id`, `created_at`, `updated_at`) VALUES (55, 5, '2015-12-03 07:36:33', '2020-11-08 09:01:52');
INSERT INTO `genres_books` (`books_id`, `genres_id`, `created_at`, `updated_at`) VALUES (28, 1, '2018-07-16 05:08:54', '2020-03-23 05:47:10');
INSERT INTO `genres_books` (`books_id`, `genres_id`, `created_at`, `updated_at`) VALUES (44, 8, '2013-03-13 21:40:51', '2020-07-09 13:02:54');
INSERT INTO `genres_books` (`books_id`, `genres_id`, `created_at`, `updated_at`) VALUES (40, 6, '2017-02-04 01:50:22', '2021-02-15 11:48:47');
INSERT INTO `genres_books` (`books_id`, `genres_id`, `created_at`, `updated_at`) VALUES (42, 6, '2012-08-08 13:43:37', '2021-01-21 14:30:41');
INSERT INTO `genres_books` (`books_id`, `genres_id`, `created_at`, `updated_at`) VALUES (85, 5, '2018-01-25 02:39:22', '2020-12-04 00:18:24');
INSERT INTO `genres_books` (`books_id`, `genres_id`, `created_at`, `updated_at`) VALUES (28, 2, '2020-06-08 13:36:29', '2021-03-16 10:52:07');
INSERT INTO `genres_books` (`books_id`, `genres_id`, `created_at`, `updated_at`) VALUES (3, 6, '2020-03-18 14:23:25', '2021-02-05 18:11:05');
INSERT INTO `genres_books` (`books_id`, `genres_id`, `created_at`, `updated_at`) VALUES (49, 5, '2012-08-16 01:07:05', '2020-11-07 16:14:07');
INSERT INTO `genres_books` (`books_id`, `genres_id`, `created_at`, `updated_at`) VALUES (44, 4, '2017-06-26 11:52:58', '2020-09-11 09:40:17');
INSERT INTO `genres_books` (`books_id`, `genres_id`, `created_at`, `updated_at`) VALUES (35, 2, '2020-12-02 08:39:01', '2020-04-14 03:00:45');
INSERT INTO `genres_books` (`books_id`, `genres_id`, `created_at`, `updated_at`) VALUES (71, 9, '2013-06-15 16:01:42', '2020-04-26 23:38:21');
INSERT INTO `genres_books` (`books_id`, `genres_id`, `created_at`, `updated_at`) VALUES (26, 2, '2021-02-28 14:41:59', '2020-05-16 20:34:27');
INSERT INTO `genres_books` (`books_id`, `genres_id`, `created_at`, `updated_at`) VALUES (88, 8, '2020-08-19 13:15:56', '2020-07-17 00:48:34');
INSERT INTO `genres_books` (`books_id`, `genres_id`, `created_at`, `updated_at`) VALUES (50, 2, '2014-05-08 01:15:59', '2020-08-29 12:33:22');
INSERT INTO `genres_books` (`books_id`, `genres_id`, `created_at`, `updated_at`) VALUES (95, 5, '2012-11-28 12:59:16', '2020-10-16 15:54:36');
INSERT INTO `genres_books` (`books_id`, `genres_id`, `created_at`, `updated_at`) VALUES (11, 6, '2012-06-07 07:36:48', '2020-05-23 15:24:56');
INSERT INTO `genres_books` (`books_id`, `genres_id`, `created_at`, `updated_at`) VALUES (39, 8, '2015-05-03 23:58:03', '2021-01-08 10:58:55');
INSERT INTO `genres_books` (`books_id`, `genres_id`, `created_at`, `updated_at`) VALUES (84, 10, '2011-04-16 05:10:54', '2021-02-19 22:40:03');
INSERT INTO `genres_books` (`books_id`, `genres_id`, `created_at`, `updated_at`) VALUES (41, 9, '2016-10-26 19:54:29', '2020-10-01 20:10:36');
INSERT INTO `genres_books` (`books_id`, `genres_id`, `created_at`, `updated_at`) VALUES (26, 4, '2019-11-15 07:24:56', '2021-02-06 15:09:22');
INSERT INTO `genres_books` (`books_id`, `genres_id`, `created_at`, `updated_at`) VALUES (62, 8, '2011-04-05 12:41:38', '2020-03-24 22:23:15');
INSERT INTO `genres_books` (`books_id`, `genres_id`, `created_at`, `updated_at`) VALUES (12, 7, '2019-11-15 04:49:53', '2021-03-08 08:05:39');
INSERT INTO `genres_books` (`books_id`, `genres_id`, `created_at`, `updated_at`) VALUES (18, 4, '2013-11-28 20:15:49', '2020-06-30 06:10:56');
INSERT INTO `genres_books` (`books_id`, `genres_id`, `created_at`, `updated_at`) VALUES (65, 6, '2020-12-04 22:59:08', '2020-08-30 01:07:00');
INSERT INTO `genres_books` (`books_id`, `genres_id`, `created_at`, `updated_at`) VALUES (75, 9, '2018-06-05 10:44:39', '2021-01-05 00:10:29');
INSERT INTO `genres_books` (`books_id`, `genres_id`, `created_at`, `updated_at`) VALUES (100, 10, '2015-02-24 16:27:41', '2020-10-16 21:30:28');
INSERT INTO `genres_books` (`books_id`, `genres_id`, `created_at`, `updated_at`) VALUES (24, 3, '2014-06-15 02:39:08', '2020-04-14 18:48:28');
INSERT INTO `genres_books` (`books_id`, `genres_id`, `created_at`, `updated_at`) VALUES (31, 5, '2015-07-22 18:59:13', '2020-06-18 17:55:25');
INSERT INTO `genres_books` (`books_id`, `genres_id`, `created_at`, `updated_at`) VALUES (29, 4, '2017-10-31 22:59:07', '2020-03-31 21:13:40');
INSERT INTO `genres_books` (`books_id`, `genres_id`, `created_at`, `updated_at`) VALUES (49, 5, '2011-10-16 21:02:59', '2020-05-19 18:25:39');
INSERT INTO `genres_books` (`books_id`, `genres_id`, `created_at`, `updated_at`) VALUES (5, 8, '2011-07-18 03:25:17', '2020-05-13 03:54:59');
INSERT INTO `genres_books` (`books_id`, `genres_id`, `created_at`, `updated_at`) VALUES (10, 6, '2012-12-12 16:56:00', '2021-02-10 06:19:18');
INSERT INTO `genres_books` (`books_id`, `genres_id`, `created_at`, `updated_at`) VALUES (76, 6, '2013-05-04 08:50:46', '2020-09-06 07:20:43');
INSERT INTO `genres_books` (`books_id`, `genres_id`, `created_at`, `updated_at`) VALUES (24, 1, '2019-06-25 01:19:04', '2020-04-03 00:20:11');
INSERT INTO `genres_books` (`books_id`, `genres_id`, `created_at`, `updated_at`) VALUES (79, 5, '2018-09-16 10:16:01', '2020-07-17 06:03:53');
INSERT INTO `genres_books` (`books_id`, `genres_id`, `created_at`, `updated_at`) VALUES (67, 4, '2015-04-21 12:14:19', '2020-05-27 06:49:07');
INSERT INTO `genres_books` (`books_id`, `genres_id`, `created_at`, `updated_at`) VALUES (38, 7, '2012-08-08 00:33:20', '2021-01-10 21:29:23');
INSERT INTO `genres_books` (`books_id`, `genres_id`, `created_at`, `updated_at`) VALUES (81, 9, '2012-09-30 01:36:10', '2021-03-20 07:40:34');
INSERT INTO `genres_books` (`books_id`, `genres_id`, `created_at`, `updated_at`) VALUES (80, 8, '2018-01-03 02:49:45', '2021-01-27 12:45:22');
INSERT INTO `genres_books` (`books_id`, `genres_id`, `created_at`, `updated_at`) VALUES (34, 7, '2017-01-23 16:12:04', '2020-06-02 10:39:57');
INSERT INTO `genres_books` (`books_id`, `genres_id`, `created_at`, `updated_at`) VALUES (26, 5, '2018-04-03 11:13:45', '2020-08-07 08:07:55');
INSERT INTO `genres_books` (`books_id`, `genres_id`, `created_at`, `updated_at`) VALUES (74, 4, '2015-10-26 01:43:20', '2020-10-01 01:38:10');
INSERT INTO `genres_books` (`books_id`, `genres_id`, `created_at`, `updated_at`) VALUES (95, 7, '2012-10-03 02:03:59', '2020-12-16 08:11:22');
INSERT INTO `genres_books` (`books_id`, `genres_id`, `created_at`, `updated_at`) VALUES (47, 7, '2019-04-25 16:42:43', '2021-01-01 21:07:40');
INSERT INTO `genres_books` (`books_id`, `genres_id`, `created_at`, `updated_at`) VALUES (98, 10, '2013-05-14 04:06:48', '2020-10-24 12:53:27');
INSERT INTO `genres_books` (`books_id`, `genres_id`, `created_at`, `updated_at`) VALUES (6, 5, '2015-05-18 17:52:15', '2020-11-30 23:02:16');
INSERT INTO `genres_books` (`books_id`, `genres_id`, `created_at`, `updated_at`) VALUES (69, 5, '2011-06-21 01:45:14', '2020-07-23 22:46:40');
INSERT INTO `genres_books` (`books_id`, `genres_id`, `created_at`, `updated_at`) VALUES (45, 10, '2015-04-27 16:19:49', '2020-06-18 19:53:01');
INSERT INTO `genres_books` (`books_id`, `genres_id`, `created_at`, `updated_at`) VALUES (46, 7, '2014-06-08 22:24:04', '2021-02-03 16:55:04');
INSERT INTO `genres_books` (`books_id`, `genres_id`, `created_at`, `updated_at`) VALUES (75, 3, '2021-03-06 20:27:41', '2020-09-07 22:57:20');
INSERT INTO `genres_books` (`books_id`, `genres_id`, `created_at`, `updated_at`) VALUES (93, 5, '2011-04-14 21:29:39', '2020-04-26 19:51:44');
INSERT INTO `genres_books` (`books_id`, `genres_id`, `created_at`, `updated_at`) VALUES (100, 8, '2018-03-29 14:00:44', '2021-01-24 20:42:48');
INSERT INTO `genres_books` (`books_id`, `genres_id`, `created_at`, `updated_at`) VALUES (19, 7, '2017-08-31 11:16:53', '2020-05-26 21:04:53');
INSERT INTO `genres_books` (`books_id`, `genres_id`, `created_at`, `updated_at`) VALUES (72, 6, '2020-07-27 01:44:48', '2020-04-27 08:40:16');
INSERT INTO `genres_books` (`books_id`, `genres_id`, `created_at`, `updated_at`) VALUES (80, 2, '2019-05-24 08:02:01', '2020-03-26 19:50:24');
INSERT INTO `genres_books` (`books_id`, `genres_id`, `created_at`, `updated_at`) VALUES (67, 3, '2019-05-13 22:19:53', '2020-05-10 22:01:27');
INSERT INTO `genres_books` (`books_id`, `genres_id`, `created_at`, `updated_at`) VALUES (4, 8, '2021-03-11 16:00:26', '2020-07-25 08:31:03');
INSERT INTO `genres_books` (`books_id`, `genres_id`, `created_at`, `updated_at`) VALUES (35, 1, '2020-03-31 15:53:50', '2020-05-20 18:49:20');
INSERT INTO `genres_books` (`books_id`, `genres_id`, `created_at`, `updated_at`) VALUES (4, 3, '2015-10-12 06:15:18', '2020-07-07 04:40:48');
INSERT INTO `genres_books` (`books_id`, `genres_id`, `created_at`, `updated_at`) VALUES (18, 8, '2017-11-18 03:35:16', '2021-02-22 05:36:12');
INSERT INTO `genres_books` (`books_id`, `genres_id`, `created_at`, `updated_at`) VALUES (58, 6, '2020-02-09 15:30:08', '2020-04-04 20:05:08');
INSERT INTO `genres_books` (`books_id`, `genres_id`, `created_at`, `updated_at`) VALUES (100, 5, '2018-02-01 13:51:29', '2021-03-14 15:12:15');
INSERT INTO `genres_books` (`books_id`, `genres_id`, `created_at`, `updated_at`) VALUES (67, 5, '2013-04-30 16:30:59', '2020-10-18 18:45:55');
INSERT INTO `genres_books` (`books_id`, `genres_id`, `created_at`, `updated_at`) VALUES (63, 1, '2020-06-03 10:47:11', '2020-08-22 07:45:48');
INSERT INTO `genres_books` (`books_id`, `genres_id`, `created_at`, `updated_at`) VALUES (22, 6, '2018-04-17 02:39:09', '2020-05-02 17:29:54');
INSERT INTO `genres_books` (`books_id`, `genres_id`, `created_at`, `updated_at`) VALUES (95, 6, '2013-04-13 11:18:56', '2020-10-04 09:30:52');
INSERT INTO `genres_books` (`books_id`, `genres_id`, `created_at`, `updated_at`) VALUES (30, 9, '2017-08-06 12:40:29', '2020-08-13 00:51:58');
INSERT INTO `genres_books` (`books_id`, `genres_id`, `created_at`, `updated_at`) VALUES (90, 1, '2015-01-30 03:46:49', '2020-06-17 13:28:08');
INSERT INTO `genres_books` (`books_id`, `genres_id`, `created_at`, `updated_at`) VALUES (68, 2, '2019-02-06 02:14:16', '2020-05-04 06:02:38');
INSERT INTO `genres_books` (`books_id`, `genres_id`, `created_at`, `updated_at`) VALUES (80, 6, '2018-10-28 01:03:14', '2021-01-21 17:52:08');
INSERT INTO `genres_books` (`books_id`, `genres_id`, `created_at`, `updated_at`) VALUES (85, 7, '2018-02-02 19:50:05', '2021-03-08 21:20:45');
INSERT INTO `genres_books` (`books_id`, `genres_id`, `created_at`, `updated_at`) VALUES (75, 8, '2013-12-08 17:09:45', '2021-01-17 01:10:36');
INSERT INTO `genres_books` (`books_id`, `genres_id`, `created_at`, `updated_at`) VALUES (60, 9, '2012-01-23 12:09:26', '2020-06-08 08:03:09');
INSERT INTO `genres_books` (`books_id`, `genres_id`, `created_at`, `updated_at`) VALUES (79, 5, '2013-03-21 06:57:31', '2021-02-04 22:38:37');
INSERT INTO `genres_books` (`books_id`, `genres_id`, `created_at`, `updated_at`) VALUES (33, 7, '2018-03-24 21:07:05', '2020-07-21 09:35:11');
INSERT INTO `genres_books` (`books_id`, `genres_id`, `created_at`, `updated_at`) VALUES (29, 9, '2017-11-27 03:44:16', '2020-09-12 11:03:00');
INSERT INTO `genres_books` (`books_id`, `genres_id`, `created_at`, `updated_at`) VALUES (20, 2, '2014-07-17 06:54:58', '2020-10-02 17:18:15');
INSERT INTO `genres_books` (`books_id`, `genres_id`, `created_at`, `updated_at`) VALUES (52, 8, '2012-12-03 18:44:09', '2021-02-16 00:44:50');
INSERT INTO `genres_books` (`books_id`, `genres_id`, `created_at`, `updated_at`) VALUES (4, 1, '2021-01-12 05:36:49', '2020-11-12 13:56:26');
INSERT INTO `genres_books` (`books_id`, `genres_id`, `created_at`, `updated_at`) VALUES (90, 8, '2014-10-09 18:15:23', '2020-11-05 07:18:02');
INSERT INTO `genres_books` (`books_id`, `genres_id`, `created_at`, `updated_at`) VALUES (12, 6, '2018-01-09 13:33:55', '2020-07-01 11:21:43');
INSERT INTO `genres_books` (`books_id`, `genres_id`, `created_at`, `updated_at`) VALUES (34, 9, '2018-11-08 06:20:33', '2020-11-20 03:28:00');
INSERT INTO `genres_books` (`books_id`, `genres_id`, `created_at`, `updated_at`) VALUES (72, 9, '2015-12-25 13:10:50', '2020-06-08 01:55:25');
INSERT INTO `genres_books` (`books_id`, `genres_id`, `created_at`, `updated_at`) VALUES (40, 1, '2019-08-22 23:41:42', '2020-08-17 14:49:02');
INSERT INTO `genres_books` (`books_id`, `genres_id`, `created_at`, `updated_at`) VALUES (24, 10, '2021-02-27 08:03:45', '2021-03-09 16:53:10');
INSERT INTO `genres_books` (`books_id`, `genres_id`, `created_at`, `updated_at`) VALUES (3, 3, '2012-11-13 22:03:41', '2021-03-10 05:13:31');
INSERT INTO `genres_books` (`books_id`, `genres_id`, `created_at`, `updated_at`) VALUES (77, 8, '2013-01-27 02:21:47', '2020-09-01 02:30:48');
INSERT INTO `genres_books` (`books_id`, `genres_id`, `created_at`, `updated_at`) VALUES (82, 6, '2021-01-15 17:25:38', '2021-01-05 18:26:29');
INSERT INTO `genres_books` (`books_id`, `genres_id`, `created_at`, `updated_at`) VALUES (23, 4, '2021-01-03 20:16:17', '2020-04-15 03:35:05');
INSERT INTO `genres_books` (`books_id`, `genres_id`, `created_at`, `updated_at`) VALUES (42, 10, '2016-10-26 08:48:37', '2020-05-02 21:27:39');
INSERT INTO `genres_books` (`books_id`, `genres_id`, `created_at`, `updated_at`) VALUES (25, 5, '2011-09-23 22:35:00', '2021-01-21 18:09:16');
INSERT INTO `genres_books` (`books_id`, `genres_id`, `created_at`, `updated_at`) VALUES (34, 9, '2013-07-18 18:10:30', '2021-01-21 02:04:02');
INSERT INTO `genres_books` (`books_id`, `genres_id`, `created_at`, `updated_at`) VALUES (7, 7, '2014-06-20 23:36:27', '2021-03-07 20:23:34');
INSERT INTO `genres_books` (`books_id`, `genres_id`, `created_at`, `updated_at`) VALUES (69, 5, '2015-11-22 01:17:53', '2020-09-11 15:25:57');
INSERT INTO `genres_books` (`books_id`, `genres_id`, `created_at`, `updated_at`) VALUES (48, 5, '2018-02-08 16:50:44', '2020-04-04 10:09:45');
INSERT INTO `genres_books` (`books_id`, `genres_id`, `created_at`, `updated_at`) VALUES (16, 5, '2017-04-05 17:52:48', '2020-07-12 01:36:08');
INSERT INTO `genres_books` (`books_id`, `genres_id`, `created_at`, `updated_at`) VALUES (61, 2, '2015-04-21 23:35:38', '2020-11-03 10:25:47');
INSERT INTO `genres_books` (`books_id`, `genres_id`, `created_at`, `updated_at`) VALUES (24, 7, '2017-12-07 05:43:39', '2021-03-14 23:45:34');
INSERT INTO `genres_books` (`books_id`, `genres_id`, `created_at`, `updated_at`) VALUES (81, 6, '2015-05-23 14:52:18', '2020-12-06 19:22:40');
INSERT INTO `genres_books` (`books_id`, `genres_id`, `created_at`, `updated_at`) VALUES (59, 9, '2014-11-30 09:27:52', '2020-08-23 08:37:13');
INSERT INTO `genres_books` (`books_id`, `genres_id`, `created_at`, `updated_at`) VALUES (33, 8, '2020-10-23 07:55:29', '2021-02-23 17:01:03');


-- Посты
INSERT INTO `posts` (`id`, `name`, `body`, `user_id`, `media_id`, `source`, `created_at`, `updated_at`) VALUES (1, 'dolorem', 'English); \'now I\'m opening out like the largest telescope that ever was! Good-bye, feet!\' (for when she was quite out of the sort,\' said the Mouse, in a thick wood. \'The first thing I\'ve got to?\'.', 9, 90, 'http://www.raynor.org/', '2019-08-22 03:40:46', '2020-12-07 17:44:11');
INSERT INTO `posts` (`id`, `name`, `body`, `user_id`, `media_id`, `source`, `created_at`, `updated_at`) VALUES (2, 'laudantium', 'Nobody moved. \'Who cares for you?\' said the Pigeon; \'but I must be getting somewhere near the door, she walked down the little door, so she set to work shaking him and punching him in the shade:.', 31, 22, 'http://rempel.info/', '2015-06-02 18:20:52', '2020-08-22 21:14:52');
INSERT INTO `posts` (`id`, `name`, `body`, `user_id`, `media_id`, `source`, `created_at`, `updated_at`) VALUES (3, 'facilis', 'I am so VERY wide, but she knew she had to stop and untwist it. After a minute or two, she made out that part.\' \'Well, at any rate it would be wasting our breath.\" \"I\'ll be judge, I\'ll be jury,\".', 100, 120, 'http://cruickshankkuhic.com/', '2011-04-11 09:58:28', '2020-11-17 23:27:09');
INSERT INTO `posts` (`id`, `name`, `body`, `user_id`, `media_id`, `source`, `created_at`, `updated_at`) VALUES (4, 'sit', 'Alice, and she told her sister, as well be at school at once.\' And in she went. Once more she found a little irritated at the window.\' \'THAT you won\'t\' thought Alice, \'to pretend to be true): If she.', 3, 120, 'http://schneider.com/', '2019-07-11 06:49:02', '2020-09-21 15:20:57');
INSERT INTO `posts` (`id`, `name`, `body`, `user_id`, `media_id`, `source`, `created_at`, `updated_at`) VALUES (5, 'nihil', 'Queen, stamping on the ground near the house if it had been. But her sister sat still and said to herself, as she fell very slowly, for she thought, \'it\'s sure to make herself useful, and looking.', 35, 52, 'http://www.zemlakbashirian.com/', '2015-08-26 07:22:30', '2020-04-15 20:35:32');
INSERT INTO `posts` (`id`, `name`, `body`, `user_id`, `media_id`, `source`, `created_at`, `updated_at`) VALUES (6, 'magnam', 'Cat: \'we\'re all mad here. I\'m mad. You\'re mad.\' \'How do you know what \"it\" means.\' \'I know what they\'re about!\' \'Read them,\' said the Mock Turtle to sing this:-- \'Beautiful Soup, so rich and green,.', 62, 49, 'http://www.swaniawskilittle.com/', '2012-01-20 14:14:34', '2020-05-28 09:41:29');
INSERT INTO `posts` (`id`, `name`, `body`, `user_id`, `media_id`, `source`, `created_at`, `updated_at`) VALUES (7, 'sint', 'There ought to go down--Here, Bill! the master says you\'re to go nearer till she had sat down again into its mouth and began to repeat it, but her voice sounded hoarse and strange, and the fall was.', 58, 140, 'http://ebertmohr.com/', '2017-12-25 20:16:46', '2021-03-04 05:37:13');
INSERT INTO `posts` (`id`, `name`, `body`, `user_id`, `media_id`, `source`, `created_at`, `updated_at`) VALUES (8, 'rerum', 'Duchess, \'chop off her head!\' about once in her hands, and was surprised to see the Queen. An invitation for the fan and gloves--that is, if I chose,\' the Duchess was VERY ugly; and secondly,.', 13, 20, 'http://www.greenfelder.com/', '2020-11-03 18:28:10', '2020-08-17 20:25:29');
INSERT INTO `posts` (`id`, `name`, `body`, `user_id`, `media_id`, `source`, `created_at`, `updated_at`) VALUES (9, 'odit', 'WHAT?\' said the Queen, who had been anything near the looking-glass. There was exactly three inches high). \'But I\'m not Ada,\' she said, \'than waste it in asking riddles that have no idea what to say.', 42, 52, 'http://www.schmitt.com/', '2018-01-11 05:25:12', '2021-03-05 21:02:26');
INSERT INTO `posts` (`id`, `name`, `body`, `user_id`, `media_id`, `source`, `created_at`, `updated_at`) VALUES (10, 'dolor', 'Alice could only hear whispers now and then dipped suddenly down, so suddenly that Alice quite hungry to look down and make out what it meant till now.\' \'If that\'s all you know that cats COULD.', 65, 113, 'http://www.legros.com/', '2011-09-22 07:28:17', '2020-08-27 18:22:33');
INSERT INTO `posts` (`id`, `name`, `body`, `user_id`, `media_id`, `source`, `created_at`, `updated_at`) VALUES (11, 'dolore', 'Soup, so rich and green, Waiting in a helpless sort of knot, and then keep tight hold of this sort of people live about here?\' \'In THAT direction,\' waving the other ladder?--Why, I hadn\'t gone down.', 16, 69, 'http://harber.biz/', '2020-06-04 07:39:03', '2020-06-21 00:36:00');
INSERT INTO `posts` (`id`, `name`, `body`, `user_id`, `media_id`, `source`, `created_at`, `updated_at`) VALUES (12, 'alias', 'DON\'T know,\' said the Dormouse say?\' one of the wood--(she considered him to be no chance of her sister, who was passing at the sudden change, but she thought it must be a letter, after all: it\'s a.', 21, 36, 'http://parker.com/', '2014-10-04 02:29:49', '2020-04-25 17:23:34');
INSERT INTO `posts` (`id`, `name`, `body`, `user_id`, `media_id`, `source`, `created_at`, `updated_at`) VALUES (13, 'fugit', 'Queen, and Alice heard it before,\' said the Cat, \'or you wouldn\'t squeeze so.\' said the Cat remarked. \'Don\'t be impertinent,\' said the Dormouse. \'Don\'t talk nonsense,\' said Alice to herself,.', 77, 57, 'http://www.goyette.info/', '2013-06-30 14:33:10', '2020-10-01 06:20:29');
INSERT INTO `posts` (`id`, `name`, `body`, `user_id`, `media_id`, `source`, `created_at`, `updated_at`) VALUES (14, 'delectus', 'Then came a little girl she\'ll think me for a rabbit! I suppose Dinah\'ll be sending me on messages next!\' And she went back for a conversation. Alice replied, so eagerly that the reason of that?\'.', 80, 127, 'http://heidenreich.org/', '2012-01-23 10:01:09', '2020-05-31 05:45:26');
INSERT INTO `posts` (`id`, `name`, `body`, `user_id`, `media_id`, `source`, `created_at`, `updated_at`) VALUES (15, 'accusamus', 'Hatter. \'You might just as well she might, what a long silence after this, and she very good-naturedly began hunting about for a baby: altogether Alice did not like the look of the sort. Next came.', 81, 96, 'http://www.barrows.info/', '2021-01-11 11:37:31', '2020-09-19 17:34:50');
INSERT INTO `posts` (`id`, `name`, `body`, `user_id`, `media_id`, `source`, `created_at`, `updated_at`) VALUES (16, 'sint', 'I say,\' the Mock Turtle said: \'no wise fish would go through,\' thought poor Alice, that she wanted to send the hedgehog to, and, as the White Rabbit cried out, \'Silence in the act of crawling away:.', 45, 107, 'http://morissette.com/', '2012-02-15 14:49:03', '2020-07-19 02:52:36');
INSERT INTO `posts` (`id`, `name`, `body`, `user_id`, `media_id`, `source`, `created_at`, `updated_at`) VALUES (17, 'ut', 'And argued each case with MINE,\' said the Gryphon, the squeaking of the court. (As that is enough,\' Said his father; \'don\'t give yourself airs! Do you think you could see it written down: but I.', 62, 61, 'http://wolf.org/', '2017-04-24 09:04:42', '2021-01-22 08:22:35');
INSERT INTO `posts` (`id`, `name`, `body`, `user_id`, `media_id`, `source`, `created_at`, `updated_at`) VALUES (18, 'blanditiis', 'Why, I do wonder what was on the trumpet, and called out in a sulky tone; \'Seven jogged my elbow.\' On which Seven looked up eagerly, half hoping that they were getting so thin--and the twinkling of.', 13, 120, 'http://kunzecasper.com/', '2011-12-24 09:48:00', '2020-05-23 15:32:34');
INSERT INTO `posts` (`id`, `name`, `body`, `user_id`, `media_id`, `source`, `created_at`, `updated_at`) VALUES (19, 'doloremque', 'Alice aloud, addressing nobody in particular. \'She\'d soon fetch it here, lad!--Here, put \'em up at the top of his tail. \'As if it began ordering people about like that!\' He got behind Alice as it.', 24, 56, 'http://stehrkessler.com/', '2019-09-24 09:24:46', '2020-07-18 16:41:21');
INSERT INTO `posts` (`id`, `name`, `body`, `user_id`, `media_id`, `source`, `created_at`, `updated_at`) VALUES (20, 'repellat', 'Alice to herself, \'I don\'t know where Dinn may be,\' said the Footman, \'and that for the immediate adoption of more energetic remedies--\' \'Speak English!\' said the Hatter, who turned pale and.', 35, 117, 'http://sipes.com/', '2013-03-19 16:35:17', '2020-07-12 04:18:52');
INSERT INTO `posts` (`id`, `name`, `body`, `user_id`, `media_id`, `source`, `created_at`, `updated_at`) VALUES (21, 'aut', 'And yet you incessantly stand on your shoes and stockings for you now, dears? I\'m sure I don\'t understand. Where did they draw?\' said Alice, as she listened, or seemed to be a book of rules for.', 58, 130, 'http://www.bogisich.biz/', '2013-01-16 17:00:50', '2021-03-22 01:45:43');
INSERT INTO `posts` (`id`, `name`, `body`, `user_id`, `media_id`, `source`, `created_at`, `updated_at`) VALUES (22, 'eaque', 'Twinkle, twinkle--\"\' Here the Queen had never before seen a cat without a porpoise.\' \'Wouldn\'t it really?\' said Alice in a melancholy tone: \'it doesn\'t seem to see how he did with the Dormouse..', 88, 146, 'http://buckridge.com/', '2013-09-07 10:06:08', '2020-07-31 21:40:48');
INSERT INTO `posts` (`id`, `name`, `body`, `user_id`, `media_id`, `source`, `created_at`, `updated_at`) VALUES (23, 'non', 'How brave they\'ll all think me for a little door into that beautiful garden--how IS that to be told so. \'It\'s really dreadful,\' she muttered to herself, \'the way all the rest, Between yourself and.', 51, 116, 'http://deckow.com/', '2019-10-09 08:34:52', '2020-06-16 18:08:23');
INSERT INTO `posts` (`id`, `name`, `body`, `user_id`, `media_id`, `source`, `created_at`, `updated_at`) VALUES (24, 'veritatis', 'Why, I do so like that curious song about the crumbs,\' said the March Hare. The Hatter was the Duchess\'s knee, while plates and dishes crashed around it--once more the shriek of the Lizard\'s.', 83, 148, 'http://www.beahan.com/', '2014-12-10 01:06:31', '2021-01-17 01:16:59');
INSERT INTO `posts` (`id`, `name`, `body`, `user_id`, `media_id`, `source`, `created_at`, `updated_at`) VALUES (25, 'eum', 'He got behind him, and said nothing. \'Perhaps it doesn\'t mind.\' The table was a dispute going on within--a constant howling and sneezing, and every now and then; such as, \'Sure, I don\'t know,\' he.', 63, 108, 'http://www.schuppe.biz/', '2016-07-28 22:43:05', '2020-04-01 10:36:41');
INSERT INTO `posts` (`id`, `name`, `body`, `user_id`, `media_id`, `source`, `created_at`, `updated_at`) VALUES (26, 'sit', 'After a minute or two, she made some tarts, All on a three-legged stool in the direction it pointed to, without trying to explain the mistake it had entirely disappeared; so the King said, with a.', 86, 108, 'http://thompson.com/', '2020-03-15 03:46:12', '2020-11-27 13:42:13');
INSERT INTO `posts` (`id`, `name`, `body`, `user_id`, `media_id`, `source`, `created_at`, `updated_at`) VALUES (27, 'dolorem', 'And will talk in contemptuous tones of her skirt, upsetting all the arches are gone from this morning,\' said Alice indignantly. \'Ah! then yours wasn\'t a bit of mushroom, and raised herself to some.', 46, 115, 'http://leannon.com/', '2012-03-24 06:43:01', '2020-07-29 16:40:22');
INSERT INTO `posts` (`id`, `name`, `body`, `user_id`, `media_id`, `source`, `created_at`, `updated_at`) VALUES (28, 'rerum', 'HAVE tasted eggs, certainly,\' said Alice, and she set the little crocodile Improve his shining tail, And pour the waters of the evening, beautiful Soup! Soup of the hall; but, alas! the little.', 81, 119, 'http://millsrolfson.org/', '2017-04-02 14:21:50', '2021-03-20 15:59:24');
INSERT INTO `posts` (`id`, `name`, `body`, `user_id`, `media_id`, `source`, `created_at`, `updated_at`) VALUES (29, 'sunt', 'Mock Turtle. \'She can\'t explain it,\' said Alice, timidly; \'some of the jurymen. \'It isn\'t directed at all,\' said the King. \'Nearly two miles high,\' added the Gryphon, before Alice could see it quite.', 49, 35, 'http://howe.org/', '2014-07-03 13:10:34', '2020-09-18 14:16:05');
INSERT INTO `posts` (`id`, `name`, `body`, `user_id`, `media_id`, `source`, `created_at`, `updated_at`) VALUES (30, 'ipsum', 'Alice had been running half an hour or so there were three gardeners at it, and burning with curiosity, she ran off as hard as he found it so quickly that the hedgehog a blow with its legs hanging.', 42, 69, 'http://gleasonmann.com/', '2012-07-10 09:20:51', '2020-04-13 00:20:29');


-- Профили
INSERT INTO `profiles` (`user_id`, `media_id`, `gender`, `birthday`, `city`, `status`, `about_yourself`, `created_at`, `updated_at`) VALUES (1, 117, 'мужской', '2016-05-12', 'Prestonfort', 'Автор', 'And yet I wish you were INSIDE, you might do something better with the Dormouse. \'Don\'t talk nonsense,\' said Alice sharply, for she thought, \'till its ears have come, or at any rate he might answer.', '2011-06-10 04:08:36', '2021-03-09 15:38:04');
INSERT INTO `profiles` (`user_id`, `media_id`, `gender`, `birthday`, `city`, `status`, `about_yourself`, `created_at`, `updated_at`) VALUES (2, 134, 'женский', '2001-11-23', 'East Robertaborough', 'Читатель', 'I never understood what it was: she was coming back to the company generally, \'You are all dry, he is gay as a last resource, she put one arm out of sight. Alice remained looking thoughtfully at the.', '2015-01-22 04:33:38', '2020-06-16 21:11:10');
INSERT INTO `profiles` (`user_id`, `media_id`, `gender`, `birthday`, `city`, `status`, `about_yourself`, `created_at`, `updated_at`) VALUES (3, 59, 'женский', '1970-02-12', 'Ashtyntown', 'Автор', 'Rabbit\'s little white kid gloves: she took courage, and went on again:-- \'You may go,\' said the Dormouse; \'--well in.\' This answer so confused poor Alice, \'it would have made a snatch in the pool,.', '2012-03-04 09:31:20', '2020-09-11 04:16:54');
INSERT INTO `profiles` (`user_id`, `media_id`, `gender`, `birthday`, `city`, `status`, `about_yourself`, `created_at`, `updated_at`) VALUES (4, 128, 'женский', '2018-06-09', 'West Shannafort', 'Автор', 'King said, turning to Alice, flinging the baby was howling so much at first, perhaps,\' said the Hatter: \'I\'m on the floor, as it was addressed to the Knave. The Knave shook his head sadly. \'Do I.', '2018-10-19 19:09:23', '2021-02-11 15:50:02');
INSERT INTO `profiles` (`user_id`, `media_id`, `gender`, `birthday`, `city`, `status`, `about_yourself`, `created_at`, `updated_at`) VALUES (5, 75, 'мужской', '2006-01-12', 'Edwintown', 'Автор', 'I to do?\' said Alice. \'Who\'s making personal remarks now?\' the Hatter hurriedly left the court, \'Bring me the truth: did you manage on the look-out for serpents night and day! Why, I wouldn\'t say.', '2017-05-29 21:09:51', '2020-05-08 02:57:33');
INSERT INTO `profiles` (`user_id`, `media_id`, `gender`, `birthday`, `city`, `status`, `about_yourself`, `created_at`, `updated_at`) VALUES (6, 52, 'женский', '2004-05-13', 'Lake Connor', 'Читатель', 'Exactly as we were. My notion was that it was very like having a game of play with a growl, And concluded the banquet--] \'What IS the same thing as \"I sleep when I find a pleasure in all my life,.', '2019-08-20 18:26:56', '2020-05-31 15:32:33');
INSERT INTO `profiles` (`user_id`, `media_id`, `gender`, `birthday`, `city`, `status`, `about_yourself`, `created_at`, `updated_at`) VALUES (7, 91, 'мужской', '1994-08-20', 'Hettingerchester', 'Читатель', 'Alice replied, so eagerly that the meeting adjourn, for the next moment a shower of saucepans, plates, and dishes. The Duchess took no notice of her voice, and see what was going to give the.', '2015-09-21 07:51:32', '2021-01-15 03:57:02');
INSERT INTO `profiles` (`user_id`, `media_id`, `gender`, `birthday`, `city`, `status`, `about_yourself`, `created_at`, `updated_at`) VALUES (8, 83, 'мужской', '1984-10-24', 'Lake Brenden', 'Автор', 'I BEG your pardon!\' she exclaimed in a low, weak voice. \'Now, I give it up,\' Alice replied: \'what\'s the answer?\' \'I haven\'t the least idea what to beautify is, I can\'t be Mabel, for I know is,.', '2018-03-18 16:47:25', '2020-07-06 21:04:22');
INSERT INTO `profiles` (`user_id`, `media_id`, `gender`, `birthday`, `city`, `status`, `about_yourself`, `created_at`, `updated_at`) VALUES (9, 49, 'мужской', '1999-07-07', 'Hilpertbury', 'Читатель', 'Duchess: \'and the moral of that is, but I grow at a reasonable pace,\' said the Duck: \'it\'s generally a frog or a watch to take the place where it had made. \'He took me for a few minutes she heard.', '2013-01-10 07:37:11', '2020-06-09 21:58:24');
INSERT INTO `profiles` (`user_id`, `media_id`, `gender`, `birthday`, `city`, `status`, `about_yourself`, `created_at`, `updated_at`) VALUES (10, 60, 'мужской', '1980-08-04', 'Emeryville', 'Читатель', 'I beg your pardon,\' said Alice more boldly: \'you know you\'re growing too.\' \'Yes, but I think that very few things indeed were really impossible. There seemed to be seen: she found this a good.', '2011-05-07 06:56:17', '2020-05-27 05:36:57');
INSERT INTO `profiles` (`user_id`, `media_id`, `gender`, `birthday`, `city`, `status`, `about_yourself`, `created_at`, `updated_at`) VALUES (11, 35, 'мужской', '1970-11-11', 'East Fayeton', 'Автор', 'Dormouse was sitting on the English coast you find a thing,\' said the Queen. An invitation for the baby, it was perfectly round, she found that her flamingo was gone across to the company generally,.', '2014-08-27 11:06:59', '2020-12-09 03:36:14');
INSERT INTO `profiles` (`user_id`, `media_id`, `gender`, `birthday`, `city`, `status`, `about_yourself`, `created_at`, `updated_at`) VALUES (12, 56, 'мужской', '1990-11-18', 'Kyraville', 'Читатель', 'March Hare was said to herself, and began to say when I grow up, I\'ll write one--but I\'m grown up now,\' she added in a moment like a telescope! I think it would be a letter, written by the way, was.', '2019-03-12 15:12:34', '2020-10-11 18:52:56');
INSERT INTO `profiles` (`user_id`, `media_id`, `gender`, `birthday`, `city`, `status`, `about_yourself`, `created_at`, `updated_at`) VALUES (13, 60, 'женский', '1985-09-03', 'Swiftfurt', 'Автор', 'I to get through the doorway; \'and even if my head would go round and swam slowly back to the fifth bend, I think?\' \'I had NOT!\' cried the Mock Turtle in a melancholy tone: \'it doesn\'t seem to put.', '2015-09-27 21:24:26', '2020-11-15 02:41:06');
INSERT INTO `profiles` (`user_id`, `media_id`, `gender`, `birthday`, `city`, `status`, `about_yourself`, `created_at`, `updated_at`) VALUES (14, 141, 'женский', '1985-11-17', 'Hettingerberg', 'Автор', 'Yet you turned a corner, \'Oh my ears and the m--\' But here, to Alice\'s great surprise, the Duchess\'s voice died away, even in the grass, merely remarking that a red-hot poker will burn you if you.', '2012-12-13 03:36:34', '2020-07-01 17:14:57');
INSERT INTO `profiles` (`user_id`, `media_id`, `gender`, `birthday`, `city`, `status`, `about_yourself`, `created_at`, `updated_at`) VALUES (15, 4, 'женский', '2003-08-11', 'Bergstromhaven', 'Автор', 'It quite makes my forehead ache!\' Alice watched the White Rabbit, who said in a melancholy tone: \'it doesn\'t seem to put the Lizard as she went back to the other side. The further off from England.', '2014-02-09 07:36:02', '2020-10-18 11:44:48');
INSERT INTO `profiles` (`user_id`, `media_id`, `gender`, `birthday`, `city`, `status`, `about_yourself`, `created_at`, `updated_at`) VALUES (16, 55, 'женский', '1983-05-19', 'Towneport', 'Читатель', 'Lory hastily. \'I thought it would,\' said the Hatter, it woke up again with a large piece out of a muchness?\' \'Really, now you ask me,\' said Alice, (she had grown so large a house, that she was.', '2015-11-25 16:02:06', '2020-12-20 07:52:48');
INSERT INTO `profiles` (`user_id`, `media_id`, `gender`, `birthday`, `city`, `status`, `about_yourself`, `created_at`, `updated_at`) VALUES (17, 90, 'женский', '1992-09-10', 'South Delia', 'Автор', 'March Hare had just succeeded in getting its body tucked away, comfortably enough, under her arm, and timidly said \'Consider, my dear: she is such a fall as this, I shall have to fly; and the White.', '2014-02-17 14:51:53', '2020-11-12 08:40:24');
INSERT INTO `profiles` (`user_id`, `media_id`, `gender`, `birthday`, `city`, `status`, `about_yourself`, `created_at`, `updated_at`) VALUES (18, 125, 'мужской', '2014-05-18', 'Stokesport', 'Автор', 'Dormouse. \'Don\'t talk nonsense,\' said Alice loudly. \'The idea of the other side of WHAT?\' thought Alice; \'but a grin without a moment\'s pause. The only things in the distance, sitting sad and lonely.', '2019-06-24 18:50:37', '2021-01-20 16:19:52');
INSERT INTO `profiles` (`user_id`, `media_id`, `gender`, `birthday`, `city`, `status`, `about_yourself`, `created_at`, `updated_at`) VALUES (19, 47, 'женский', '2010-06-15', 'Giovaniside', 'Автор', 'I must go back and finish your story!\' Alice called out \'The Queen! The Queen!\' and the turtles all advance! They are waiting on the top with its tongue hanging out of that dark hall, and close to.', '2018-10-14 09:37:10', '2021-01-24 17:45:46');
INSERT INTO `profiles` (`user_id`, `media_id`, `gender`, `birthday`, `city`, `status`, `about_yourself`, `created_at`, `updated_at`) VALUES (20, 96, 'мужской', '1979-05-27', 'Brandtland', 'Автор', 'I\'ll get into the garden, where Alice could think of what sort it was) scratching and scrambling about in the face. \'I\'ll put a stop to this,\' she said to herself. \'I dare say you never even.', '2016-02-14 21:41:40', '2020-06-16 14:19:13');
INSERT INTO `profiles` (`user_id`, `media_id`, `gender`, `birthday`, `city`, `status`, `about_yourself`, `created_at`, `updated_at`) VALUES (21, 31, 'мужской', '1979-07-24', 'O\'Connellmouth', 'Автор', 'Cat again, sitting on the whole cause, and condemn you to set about it; if I\'m not looking for eggs, I know all the rest, Between yourself and me.\' \'That\'s the reason so many out-of-the-way things.', '2014-02-01 07:10:16', '2020-04-13 13:16:03');
INSERT INTO `profiles` (`user_id`, `media_id`, `gender`, `birthday`, `city`, `status`, `about_yourself`, `created_at`, `updated_at`) VALUES (22, 54, 'мужской', '2016-08-25', 'South Stefanie', 'Читатель', 'EVER happen in a hurry: a large pool all round the rosetree; for, you see, as they were getting so thin--and the twinkling of the party were placed along the passage into the loveliest garden you.', '2018-05-25 23:43:50', '2020-06-15 21:50:44');
INSERT INTO `profiles` (`user_id`, `media_id`, `gender`, `birthday`, `city`, `status`, `about_yourself`, `created_at`, `updated_at`) VALUES (23, 66, 'женский', '2019-05-01', 'East Durward', 'Читатель', 'Queen was to twist it up into the loveliest garden you ever saw. How she longed to get in?\' \'There might be hungry, in which the cook and the Queen of Hearts, who only bowed and smiled in reply..', '2019-10-22 16:17:29', '2020-10-03 22:30:00');
INSERT INTO `profiles` (`user_id`, `media_id`, `gender`, `birthday`, `city`, `status`, `about_yourself`, `created_at`, `updated_at`) VALUES (24, 119, 'женский', '1983-06-07', 'Lake Yazminfurt', 'Автор', 'Queen, \'and he shall tell you how it was quite impossible to say \"HOW DOTH THE LITTLE BUSY BEE,\" but it had entirely disappeared; so the King said, for about the right way of expecting nothing but.', '2019-01-02 00:33:24', '2020-09-15 09:59:07');
INSERT INTO `profiles` (`user_id`, `media_id`, `gender`, `birthday`, `city`, `status`, `about_yourself`, `created_at`, `updated_at`) VALUES (25, 41, 'мужской', '1970-12-11', 'North Vilmamouth', 'Читатель', 'LESS,\' said the Hatter; \'so I can\'t take LESS,\' said the Mock Turtle at last, they must be collected at once and put back into the air off all its feet at once, she found to be a lesson to you how.', '2019-06-19 16:18:36', '2020-06-19 18:20:46');
INSERT INTO `profiles` (`user_id`, `media_id`, `gender`, `birthday`, `city`, `status`, `about_yourself`, `created_at`, `updated_at`) VALUES (26, 7, 'мужской', '1982-06-08', 'Ziemannland', 'Автор', 'Mabel, for I know I do!\' said Alice sharply, for she was quite out of their hearing her; and when she caught it, and behind it when she was beginning to think about stopping herself before she had.', '2016-02-17 16:24:01', '2021-02-19 03:59:36');
INSERT INTO `profiles` (`user_id`, `media_id`, `gender`, `birthday`, `city`, `status`, `about_yourself`, `created_at`, `updated_at`) VALUES (27, 111, 'мужской', '1981-10-11', 'McClureport', 'Читатель', 'Alice turned and came back again. \'Keep your temper,\' said the Hatter: \'it\'s very easy to take the roof off.\' After a time she had caught the flamingo and brought it back, the fight was over, and.', '2020-09-16 06:21:18', '2020-05-16 09:38:41');
INSERT INTO `profiles` (`user_id`, `media_id`, `gender`, `birthday`, `city`, `status`, `about_yourself`, `created_at`, `updated_at`) VALUES (28, 103, 'женский', '2003-02-24', 'Port Otha', 'Автор', 'White Rabbit blew three blasts on the song, \'I\'d have said to Alice, very earnestly. \'I\'ve had nothing else to do, and perhaps as this before, never! And I declare it\'s too bad, that it might tell.', '2012-11-23 03:08:11', '2020-04-20 15:54:59');
INSERT INTO `profiles` (`user_id`, `media_id`, `gender`, `birthday`, `city`, `status`, `about_yourself`, `created_at`, `updated_at`) VALUES (29, 106, 'мужской', '1970-05-14', 'Hodkiewiczport', 'Читатель', 'Alice thought to herself that perhaps it was very nearly carried it out again, so she helped herself to about two feet high: even then she had somehow fallen into a pig, and she tried the roots of.', '2015-03-04 14:41:55', '2020-08-13 10:45:20');
INSERT INTO `profiles` (`user_id`, `media_id`, `gender`, `birthday`, `city`, `status`, `about_yourself`, `created_at`, `updated_at`) VALUES (30, 133, 'женский', '2003-09-26', 'East Lessie', 'Автор', 'Gryphon interrupted in a twinkling! Half-past one, time for dinner!\' (\'I only wish it was,\' he said. \'Fifteenth,\' said the Lory, who at last she spread out her hand, and Alice was a dead silence.', '2018-10-17 12:49:05', '2020-09-17 02:26:59');
INSERT INTO `profiles` (`user_id`, `media_id`, `gender`, `birthday`, `city`, `status`, `about_yourself`, `created_at`, `updated_at`) VALUES (31, 110, 'мужской', '1995-04-05', 'Glovermouth', 'Читатель', 'At last the Caterpillar decidedly, and the party went back for a long breath, and said anxiously to herself, being rather proud of it: for she was always ready to agree to everything that was lying.', '2015-12-11 04:36:11', '2021-01-08 07:10:28');
INSERT INTO `profiles` (`user_id`, `media_id`, `gender`, `birthday`, `city`, `status`, `about_yourself`, `created_at`, `updated_at`) VALUES (32, 94, 'женский', '1997-06-17', 'Port Chloe', 'Читатель', 'Rabbit. She was a sound of a well?\' The Dormouse had closed its eyes were looking up into a cucumber-frame, or something of the baby, and not to lie down upon her: she gave one sharp kick, and.', '2018-05-11 06:41:34', '2021-02-28 13:10:10');
INSERT INTO `profiles` (`user_id`, `media_id`, `gender`, `birthday`, `city`, `status`, `about_yourself`, `created_at`, `updated_at`) VALUES (33, 146, 'мужской', '1988-03-18', 'Bruenchester', 'Читатель', 'Mabel after all, and I had it written down: but I think it so VERY wide, but she had to run back into the wood to listen. \'Mary Ann! Mary Ann!\' said the Mouse with an M, such as mouse-traps, and the.', '2018-04-27 19:03:34', '2020-06-12 19:07:44');
INSERT INTO `profiles` (`user_id`, `media_id`, `gender`, `birthday`, `city`, `status`, `about_yourself`, `created_at`, `updated_at`) VALUES (34, 144, 'женский', '2018-12-29', 'New Demarioport', 'Читатель', 'And oh, my poor little thing sat down again into its eyes were nearly out of his pocket, and was beating her violently with its legs hanging down, but generally, just as I\'d taken the highest tree.', '2017-07-17 23:17:40', '2020-12-04 05:41:15');
INSERT INTO `profiles` (`user_id`, `media_id`, `gender`, `birthday`, `city`, `status`, `about_yourself`, `created_at`, `updated_at`) VALUES (35, 112, 'мужской', '1980-11-30', 'South Augustamouth', 'Читатель', 'I suppose it were white, but there were three gardeners who were lying round the court and got behind him, and very soon found herself in a twinkling! Half-past one, time for dinner!\' (\'I only wish.', '2020-06-25 21:49:20', '2020-05-11 21:12:24');
INSERT INTO `profiles` (`user_id`, `media_id`, `gender`, `birthday`, `city`, `status`, `about_yourself`, `created_at`, `updated_at`) VALUES (36, 124, 'женский', '2015-05-19', 'Lake Tiara', 'Автор', 'Bill, I fancy--Who\'s to go down--Here, Bill! the master says you\'re to go on. \'And so these three weeks!\' \'I\'m very sorry you\'ve been annoyed,\' said Alice, who always took a great crowd assembled.', '2013-01-16 19:08:29', '2021-01-16 20:33:54');
INSERT INTO `profiles` (`user_id`, `media_id`, `gender`, `birthday`, `city`, `status`, `about_yourself`, `created_at`, `updated_at`) VALUES (37, 143, 'женский', '1983-03-16', 'East Alekberg', 'Читатель', 'Gryphon. \'--you advance twice--\' \'Each with a sigh: \'he taught Laughing and Grief, they used to say whether the blows hurt it or not. So she sat down again into its face to see anything; then she.', '2020-05-21 00:15:53', '2020-11-04 22:01:27');
INSERT INTO `profiles` (`user_id`, `media_id`, `gender`, `birthday`, `city`, `status`, `about_yourself`, `created_at`, `updated_at`) VALUES (38, 129, 'женский', '1984-11-26', 'New Vicky', 'Читатель', 'Mock Turtle replied in an impatient tone: \'explanations take such a curious dream!\' said Alice, surprised at her for a moment like a serpent. She had not the smallest notice of them bowed low..', '2016-07-30 20:53:45', '2020-06-07 23:17:20');
INSERT INTO `profiles` (`user_id`, `media_id`, `gender`, `birthday`, `city`, `status`, `about_yourself`, `created_at`, `updated_at`) VALUES (39, 25, 'женский', '2014-06-21', 'Hudsonshire', 'Автор', 'She stretched herself up on to her in the distance, and she sat down in a minute or two, they began moving about again, and made another snatch in the world go round!\"\' \'Somebody said,\' Alice.', '2017-12-06 01:30:51', '2020-03-24 18:29:45');
INSERT INTO `profiles` (`user_id`, `media_id`, `gender`, `birthday`, `city`, `status`, `about_yourself`, `created_at`, `updated_at`) VALUES (40, 13, 'мужской', '2020-09-14', 'South Dewittfurt', 'Читатель', 'His voice has a timid and tremulous sound.] \'That\'s different from what I could let you out, you know.\' It was, no doubt: only Alice did not like the wind, and the Hatter went on, \'--likely to win,.', '2017-04-25 22:27:11', '2020-07-25 00:55:01');
INSERT INTO `profiles` (`user_id`, `media_id`, `gender`, `birthday`, `city`, `status`, `about_yourself`, `created_at`, `updated_at`) VALUES (41, 77, 'мужской', '1988-03-24', 'Santaberg', 'Читатель', 'Allow me to him: She gave me a good deal until she made some tarts, All on a three-legged stool in the same thing as a lark, And will talk in contemptuous tones of her voice, and the White Rabbit,.', '2014-11-14 11:06:29', '2021-03-14 00:10:51');
INSERT INTO `profiles` (`user_id`, `media_id`, `gender`, `birthday`, `city`, `status`, `about_yourself`, `created_at`, `updated_at`) VALUES (42, 13, 'женский', '1985-01-23', 'Jarrodberg', 'Автор', 'King: \'leave out that part.\' \'Well, at any rate,\' said Alice: \'--where\'s the Duchess?\' \'Hush! Hush!\' said the Hatter, \'when the Queen jumped up on to her that she was nine feet high, and she put.', '2013-04-24 08:44:30', '2020-04-16 12:10:55');
INSERT INTO `profiles` (`user_id`, `media_id`, `gender`, `birthday`, `city`, `status`, `about_yourself`, `created_at`, `updated_at`) VALUES (43, 77, 'мужской', '1999-08-20', 'North Annabel', 'Автор', 'The judge, by the White Rabbit, trotting slowly back again, and did not appear, and after a fashion, and this was her dream:-- First, she dreamed of little birds and animals that had fluttered down.', '2016-03-10 22:41:29', '2020-11-14 00:14:46');
INSERT INTO `profiles` (`user_id`, `media_id`, `gender`, `birthday`, `city`, `status`, `about_yourself`, `created_at`, `updated_at`) VALUES (44, 78, 'мужской', '1990-10-30', 'Medhurstport', 'Читатель', 'ME\' were beautifully marked in currants. \'Well, I\'ll eat it,\' said Alice, \'because I\'m not Ada,\' she said, \'for her hair goes in such a dreadful time.\' So Alice got up and ran the faster, while more.', '2014-07-16 03:02:17', '2020-07-16 03:45:50');
INSERT INTO `profiles` (`user_id`, `media_id`, `gender`, `birthday`, `city`, `status`, `about_yourself`, `created_at`, `updated_at`) VALUES (45, 60, 'мужской', '1974-12-20', 'Aidamouth', 'Читатель', 'WOULD twist itself round and look up and saying, \'Thank you, sir, for your walk!\" \"Coming in a low voice. \'Not at all,\' said the Caterpillar. \'I\'m afraid I don\'t put my arm round your waist,\' the.', '2015-06-11 17:48:37', '2020-04-12 06:25:17');
INSERT INTO `profiles` (`user_id`, `media_id`, `gender`, `birthday`, `city`, `status`, `about_yourself`, `created_at`, `updated_at`) VALUES (46, 4, 'мужской', '1999-06-09', 'Ambermouth', 'Читатель', 'After these came the guests, mostly Kings and Queens, and among them Alice recognised the White Rabbit read:-- \'They told me he was going on between the executioner, the King, the Queen, \'Really, my.', '2018-09-09 03:19:50', '2020-12-18 14:00:11');
INSERT INTO `profiles` (`user_id`, `media_id`, `gender`, `birthday`, `city`, `status`, `about_yourself`, `created_at`, `updated_at`) VALUES (47, 8, 'женский', '2016-07-26', 'Georgeland', 'Автор', 'Duchess, \'as pigs have to whisper a hint to Time, and round the neck of the edge of her going, though she knew she had gone through that day. \'That PROVES his guilt,\' said the Mock Turtle, \'but if.', '2018-08-23 18:58:12', '2020-10-29 16:22:41');
INSERT INTO `profiles` (`user_id`, `media_id`, `gender`, `birthday`, `city`, `status`, `about_yourself`, `created_at`, `updated_at`) VALUES (48, 133, 'женский', '1977-07-07', 'Phyllisville', 'Читатель', 'It was as steady as ever; Yet you finished the goose, with the Queen, who was trembling down to the other paw, \'lives a March Hare. \'I didn\'t mean it!\' pleaded poor Alice began to say \"HOW DOTH THE.', '2020-04-02 11:15:40', '2020-11-07 16:50:12');
INSERT INTO `profiles` (`user_id`, `media_id`, `gender`, `birthday`, `city`, `status`, `about_yourself`, `created_at`, `updated_at`) VALUES (49, 47, 'женский', '2010-02-15', 'Darrickside', 'Автор', 'I shall only look up and to stand on their slates, when the White Rabbit, trotting slowly back to my jaw, Has lasted the rest of my life.\' \'You are old, Father William,\' the young Crab, a little.', '2012-08-07 04:33:48', '2020-09-04 06:13:27');
INSERT INTO `profiles` (`user_id`, `media_id`, `gender`, `birthday`, `city`, `status`, `about_yourself`, `created_at`, `updated_at`) VALUES (50, 32, 'мужской', '2017-10-17', 'Kennithmouth', 'Читатель', 'King; \'and don\'t look at me like that!\' said Alice in a helpless sort of people live about here?\' \'In THAT direction,\' waving the other side of WHAT? The other side of the suppressed guinea-pigs,.', '2017-02-28 09:58:19', '2021-02-09 11:59:22');
INSERT INTO `profiles` (`user_id`, `media_id`, `gender`, `birthday`, `city`, `status`, `about_yourself`, `created_at`, `updated_at`) VALUES (51, 33, 'женский', '1981-12-15', 'New Royce', 'Читатель', 'D,\' she added in an encouraging opening for a little nervous about it while the Mock Turtle in a low, hurried tone. He looked at it, busily painting them red. Alice thought to herself, \'in my going.', '2013-05-24 06:38:05', '2020-07-11 22:00:28');
INSERT INTO `profiles` (`user_id`, `media_id`, `gender`, `birthday`, `city`, `status`, `about_yourself`, `created_at`, `updated_at`) VALUES (52, 51, 'женский', '1974-01-31', 'Burnicemouth', 'Автор', 'Caterpillar sternly. \'Explain yourself!\' \'I can\'t explain it,\' said the Mock Turtle recovered his voice, and, with tears again as quickly as she went on, \'\"--found it advisable to go from here?\'.', '2018-12-30 12:39:23', '2021-01-27 18:12:46');
INSERT INTO `profiles` (`user_id`, `media_id`, `gender`, `birthday`, `city`, `status`, `about_yourself`, `created_at`, `updated_at`) VALUES (53, 58, 'мужской', '2016-11-16', 'South Twila', 'Автор', 'Alice)--\'and perhaps you were me?\' \'Well, perhaps your feelings may be different,\' said Alice; \'living at the top with its mouth again, and the Queen said to herself, \'Why, they\'re only a mouse that.', '2019-01-09 13:37:38', '2020-10-11 18:41:58');
INSERT INTO `profiles` (`user_id`, `media_id`, `gender`, `birthday`, `city`, `status`, `about_yourself`, `created_at`, `updated_at`) VALUES (54, 95, 'женский', '2010-06-20', 'Port Catalinaland', 'Читатель', 'Mock Turtle went on talking: \'Dear, dear! How queer everything is to-day! And yesterday things went on without attending to her, though, as they all crowded round it, panting, and asking, \'But who.', '2017-04-07 11:25:39', '2020-10-07 07:22:00');
INSERT INTO `profiles` (`user_id`, `media_id`, `gender`, `birthday`, `city`, `status`, `about_yourself`, `created_at`, `updated_at`) VALUES (55, 123, 'мужской', '1973-07-23', 'Hammesbury', 'Автор', 'YOUR temper!\' \'Hold your tongue!\' added the Gryphon; and then quietly marched off after the others. \'Are their heads down and make THEIR eyes bright and eager with many a strange tale, perhaps even.', '2013-01-21 06:26:40', '2020-10-24 07:54:51');
INSERT INTO `profiles` (`user_id`, `media_id`, `gender`, `birthday`, `city`, `status`, `about_yourself`, `created_at`, `updated_at`) VALUES (56, 28, 'мужской', '1989-09-19', 'West Danefurt', 'Читатель', 'Lory, who at last the Mouse, who was sitting on a crimson velvet cushion; and, last of all her knowledge of history, Alice had been of late much accustomed to usurpation and conquest. Edwin and.', '2013-04-27 19:05:11', '2020-08-05 15:40:05');
INSERT INTO `profiles` (`user_id`, `media_id`, `gender`, `birthday`, `city`, `status`, `about_yourself`, `created_at`, `updated_at`) VALUES (57, 94, 'женский', '1998-09-16', 'Watsicaland', 'Читатель', 'Cat\'s head began fading away the moment he was going to shrink any further: she felt that it made no mark; but he could go. Alice took up the other, trying every door, she ran out of sight: then it.', '2019-01-20 18:19:08', '2021-01-14 01:01:23');
INSERT INTO `profiles` (`user_id`, `media_id`, `gender`, `birthday`, `city`, `status`, `about_yourself`, `created_at`, `updated_at`) VALUES (58, 102, 'женский', '2018-11-17', 'North Colt', 'Автор', 'Dormouse, and repeated her question. \'Why did you call him Tortoise--\' \'Why did you call it purring, not growling,\' said Alice. \'Who\'s making personal remarks now?\' the Hatter with a large.', '2011-07-17 08:31:25', '2021-01-18 00:40:20');
INSERT INTO `profiles` (`user_id`, `media_id`, `gender`, `birthday`, `city`, `status`, `about_yourself`, `created_at`, `updated_at`) VALUES (59, 136, 'женский', '2002-08-24', 'West Stacy', 'Читатель', 'It\'s enough to get in?\' asked Alice again, for this time she saw in my own tears! That WILL be a grin, and she drew herself up on tiptoe, and peeped over the fire, licking her paws and washing her.', '2016-05-29 06:31:30', '2021-02-22 20:28:07');
INSERT INTO `profiles` (`user_id`, `media_id`, `gender`, `birthday`, `city`, `status`, `about_yourself`, `created_at`, `updated_at`) VALUES (60, 105, 'мужской', '1972-01-10', 'Keeblerside', 'Читатель', 'I\'ll have you executed, whether you\'re nervous or not.\' \'I\'m a poor man, your Majesty,\' said the Hatter. \'It isn\'t directed at all,\' said the Dormouse again, so violently, that she was beginning to.', '2014-01-18 01:16:26', '2020-11-29 05:39:14');
INSERT INTO `profiles` (`user_id`, `media_id`, `gender`, `birthday`, `city`, `status`, `about_yourself`, `created_at`, `updated_at`) VALUES (61, 43, 'мужской', '2018-12-26', 'Port Estell', 'Автор', 'I don\'t like them!\' When the Mouse was bristling all over, and both footmen, Alice noticed, had powdered hair that curled all over with fright. \'Oh, I BEG your pardon!\' cried Alice in a very pretty.', '2013-03-07 04:34:27', '2020-06-03 19:55:53');
INSERT INTO `profiles` (`user_id`, `media_id`, `gender`, `birthday`, `city`, `status`, `about_yourself`, `created_at`, `updated_at`) VALUES (62, 53, 'женский', '1973-12-24', 'North Madonnamouth', 'Читатель', 'WAS a curious croquet-ground in her life before, and behind it, it occurred to her very much at this, that she was ever to get in?\' asked Alice again, for this time the Queen merely remarking that a.', '2014-01-04 09:45:09', '2020-06-06 11:39:19');
INSERT INTO `profiles` (`user_id`, `media_id`, `gender`, `birthday`, `city`, `status`, `about_yourself`, `created_at`, `updated_at`) VALUES (63, 34, 'женский', '1982-04-05', 'North Averychester', 'Читатель', 'Queen. \'Can you play croquet?\' The soldiers were silent, and looked along the passage into the jury-box, and saw that, in her hands, and was delighted to find that she was appealed to by the fire,.', '2017-01-11 20:40:50', '2020-03-24 21:32:58');
INSERT INTO `profiles` (`user_id`, `media_id`, `gender`, `birthday`, `city`, `status`, `about_yourself`, `created_at`, `updated_at`) VALUES (64, 85, 'мужской', '1992-01-12', 'Lenoretown', 'Читатель', 'And I declare it\'s too bad, that it signifies much,\' she said to herself, \'Now, what am I to get into that beautiful garden--how IS that to be full of the trees under which she found her head on her.', '2012-07-07 16:17:44', '2020-11-26 00:06:16');
INSERT INTO `profiles` (`user_id`, `media_id`, `gender`, `birthday`, `city`, `status`, `about_yourself`, `created_at`, `updated_at`) VALUES (65, 99, 'мужской', '2005-09-28', 'Aldenland', 'Автор', 'What happened to me! When I used to it in time,\' said the voice. \'Fetch me my gloves this moment!\' Then came a little before she made some tarts, All on a bough of a sea of green leaves that had.', '2016-06-01 05:56:47', '2020-05-10 14:03:55');
INSERT INTO `profiles` (`user_id`, `media_id`, `gender`, `birthday`, `city`, `status`, `about_yourself`, `created_at`, `updated_at`) VALUES (66, 97, 'женский', '1986-08-31', 'Breitenbergberg', 'Автор', 'Between yourself and me.\' \'That\'s the first really clever thing the King added in an angry voice--the Rabbit\'s--\'Pat! Pat! Where are you?\' And then a voice of the cakes, and was suppressed. \'Come,.', '2018-07-10 05:52:32', '2021-03-15 03:36:45');
INSERT INTO `profiles` (`user_id`, `media_id`, `gender`, `birthday`, `city`, `status`, `about_yourself`, `created_at`, `updated_at`) VALUES (67, 54, 'женский', '1998-03-21', 'Budview', 'Читатель', 'Alice herself, and once she remembered how small she was now, and she set to work very diligently to write this down on one of them can explain it,\' said the Duchess, who seemed too much overcome to.', '2020-07-09 08:16:32', '2020-07-12 04:24:07');
INSERT INTO `profiles` (`user_id`, `media_id`, `gender`, `birthday`, `city`, `status`, `about_yourself`, `created_at`, `updated_at`) VALUES (68, 118, 'мужской', '2010-03-01', 'West Sherman', 'Автор', 'White Rabbit, trotting slowly back again, and that\'s all you know I\'m mad?\' said Alice. \'Exactly so,\' said the cook. The King turned pale, and shut his eyes.--\'Tell her about the games now.\' CHAPTER.', '2016-02-06 02:14:25', '2021-01-26 19:09:27');
INSERT INTO `profiles` (`user_id`, `media_id`, `gender`, `birthday`, `city`, `status`, `about_yourself`, `created_at`, `updated_at`) VALUES (69, 5, 'женский', '2002-10-19', 'Krajcikhaven', 'Автор', 'Alice, very loudly and decidedly, and he went on again:-- \'I didn\'t know that cats COULD grin.\' \'They all can,\' said the King said, turning to Alice, flinging the baby violently up and walking off.', '2019-05-13 19:46:55', '2020-04-01 05:10:20');
INSERT INTO `profiles` (`user_id`, `media_id`, `gender`, `birthday`, `city`, `status`, `about_yourself`, `created_at`, `updated_at`) VALUES (70, 42, 'женский', '1977-03-21', 'Olgafort', 'Автор', 'Pinch him! Off with his head!\"\' \'How dreadfully savage!\' exclaimed Alice. \'That\'s very curious!\' she thought. \'But everything\'s curious today. I think I can guess that,\' she added in an offended.', '2015-06-07 05:44:41', '2020-11-17 03:26:00');
INSERT INTO `profiles` (`user_id`, `media_id`, `gender`, `birthday`, `city`, `status`, `about_yourself`, `created_at`, `updated_at`) VALUES (71, 22, 'мужской', '1989-10-03', 'Emeraldville', 'Автор', 'English); \'now I\'m opening out like the tone of the officers of the what?\' said the Caterpillar. \'Well, I\'ve tried hedges,\' the Pigeon had finished. \'As if it had some kind of thing never happened,.', '2014-07-12 05:47:29', '2020-07-31 07:04:08');
INSERT INTO `profiles` (`user_id`, `media_id`, `gender`, `birthday`, `city`, `status`, `about_yourself`, `created_at`, `updated_at`) VALUES (72, 106, 'мужской', '1984-11-02', 'Othoburgh', 'Читатель', 'I know is, it would feel with all their simple sorrows, and find a thing,\' said the Dodo, pointing to Alice with one of the Queen\'s ears--\' the Rabbit just under the table: she opened the door and.', '2014-04-24 05:35:36', '2021-03-11 11:30:51');
INSERT INTO `profiles` (`user_id`, `media_id`, `gender`, `birthday`, `city`, `status`, `about_yourself`, `created_at`, `updated_at`) VALUES (73, 29, 'женский', '2010-02-17', 'Jonesbury', 'Читатель', 'Why, I haven\'t been invited yet.\' \'You\'ll see me there,\' said the Dodo, pointing to the end of your flamingo. Shall I try the first really clever thing the King said to herself \'This is Bill,\' she.', '2020-02-07 21:59:44', '2021-01-25 11:22:16');
INSERT INTO `profiles` (`user_id`, `media_id`, `gender`, `birthday`, `city`, `status`, `about_yourself`, `created_at`, `updated_at`) VALUES (74, 61, 'женский', '2016-09-13', 'East Alekmouth', 'Автор', 'After a while, finding that nothing more happened, she decided to remain where she was now the right way to hear the name of the trees had a little queer, won\'t you?\' \'Not a bit,\' she thought it.', '2015-07-18 16:59:53', '2020-10-16 13:07:24');
INSERT INTO `profiles` (`user_id`, `media_id`, `gender`, `birthday`, `city`, `status`, `about_yourself`, `created_at`, `updated_at`) VALUES (75, 44, 'мужской', '1992-04-03', 'Fritschland', 'Автор', 'Mouse had changed his mind, and was delighted to find quite a new idea to Alice, she went out, but it makes me grow larger, I can reach the key; and if it had entirely disappeared; so the King said.', '2011-08-06 11:25:03', '2020-11-09 08:20:36');
INSERT INTO `profiles` (`user_id`, `media_id`, `gender`, `birthday`, `city`, `status`, `about_yourself`, `created_at`, `updated_at`) VALUES (76, 2, 'мужской', '2010-10-17', 'Lenorastad', 'Автор', 'Alice; but she had read about them in books, and she set the little door about fifteen inches high: she tried hard to whistle to it; but she could have told you that.\' \'If I\'d been the whiting,\'.', '2020-02-17 22:49:26', '2020-04-30 12:28:02');
INSERT INTO `profiles` (`user_id`, `media_id`, `gender`, `birthday`, `city`, `status`, `about_yourself`, `created_at`, `updated_at`) VALUES (77, 81, 'мужской', '2019-02-28', 'Turnermouth', 'Читатель', 'March Hare. \'Then it doesn\'t matter which way it was just saying to herself how she would manage it. \'They were obliged to say \'creatures,\' you see, Alice had been broken to pieces. \'Please, then,\'.', '2020-08-10 21:44:53', '2020-12-02 14:32:32');
INSERT INTO `profiles` (`user_id`, `media_id`, `gender`, `birthday`, `city`, `status`, `about_yourself`, `created_at`, `updated_at`) VALUES (78, 13, 'мужской', '2011-06-06', 'North Gaylord', 'Автор', 'Alice, feeling very glad she had got its neck nicely straightened out, and was going a journey, I should think you\'ll feel it a bit, if you could keep it to speak good English); \'now I\'m opening out.', '2011-06-29 19:32:38', '2021-03-19 10:08:06');
INSERT INTO `profiles` (`user_id`, `media_id`, `gender`, `birthday`, `city`, `status`, `about_yourself`, `created_at`, `updated_at`) VALUES (79, 117, 'женский', '1972-12-10', 'Brycenville', 'Автор', 'March Hare. \'I didn\'t know it was looking for it, she found to be ashamed of yourself,\' said Alice, as she spoke, but no result seemed to listen, the whole pack of cards!\' At this moment the King,.', '2013-06-17 10:37:40', '2020-12-20 23:02:38');
INSERT INTO `profiles` (`user_id`, `media_id`, `gender`, `birthday`, `city`, `status`, `about_yourself`, `created_at`, `updated_at`) VALUES (80, 63, 'мужской', '2002-07-02', 'Aliciabury', 'Автор', 'Queen, who were all in bed!\' On various pretexts they all crowded round it, panting, and asking, \'But who has won?\' This question the Dodo solemnly presented the thimble, looking as solemn as she.', '2012-02-11 10:23:00', '2020-08-22 08:22:07');
INSERT INTO `profiles` (`user_id`, `media_id`, `gender`, `birthday`, `city`, `status`, `about_yourself`, `created_at`, `updated_at`) VALUES (81, 29, 'мужской', '2005-08-22', 'Runolfsdottirshire', 'Читатель', 'I\'ll eat it,\' said the Hatter said, tossing his head mournfully. \'Not I!\' he replied. \'We quarrelled last March--just before HE went mad, you know--\' \'But, it goes on \"THEY ALL RETURNED FROM HIM TO.', '2013-04-01 04:18:15', '2020-08-21 17:26:17');
INSERT INTO `profiles` (`user_id`, `media_id`, `gender`, `birthday`, `city`, `status`, `about_yourself`, `created_at`, `updated_at`) VALUES (82, 132, 'женский', '1979-12-08', 'Swiftland', 'Читатель', 'Dormouse, who seemed to be a Caucus-race.\' \'What IS the fun?\' said Alice. \'I\'m glad I\'ve seen that done,\' thought Alice. \'I\'ve so often read in the sea. But they HAVE their tails in their mouths. So.', '2017-01-20 23:45:45', '2020-12-12 09:36:03');
INSERT INTO `profiles` (`user_id`, `media_id`, `gender`, `birthday`, `city`, `status`, `about_yourself`, `created_at`, `updated_at`) VALUES (83, 108, 'мужской', '1991-03-28', 'Smithamfort', 'Автор', 'Alice did not much larger than a rat-hole: she knelt down and make one quite giddy.\' \'All right,\' said the King, the Queen, \'Really, my dear, and that you have just been reading about; and when.', '2018-01-14 17:05:49', '2020-07-23 00:23:51');
INSERT INTO `profiles` (`user_id`, `media_id`, `gender`, `birthday`, `city`, `status`, `about_yourself`, `created_at`, `updated_at`) VALUES (84, 89, 'женский', '2016-03-21', 'Marianneborough', 'Читатель', 'King, and the other side will make you dry enough!\' They all sat down with wonder at the place of the house, and found that, as nearly as she could, and soon found herself in a minute. Alice began.', '2017-04-06 15:35:26', '2020-12-24 09:46:09');
INSERT INTO `profiles` (`user_id`, `media_id`, `gender`, `birthday`, `city`, `status`, `about_yourself`, `created_at`, `updated_at`) VALUES (85, 84, 'мужской', '2004-01-11', 'Hillltown', 'Автор', 'Hatter, it woke up again as she couldn\'t answer either question, it didn\'t sound at all this grand procession, came THE KING AND QUEEN OF HEARTS. Alice was not a mile high,\' said Alice. \'Who\'s.', '2021-03-08 15:08:27', '2020-06-02 11:35:41');
INSERT INTO `profiles` (`user_id`, `media_id`, `gender`, `birthday`, `city`, `status`, `about_yourself`, `created_at`, `updated_at`) VALUES (86, 148, 'женский', '1991-08-25', 'Lake Pearl', 'Читатель', 'Alice, \'as all the other side, the puppy made another rush at the top of the treat. When the procession moved on, three of the sort. Next came the guests, mostly Kings and Queens, and among them.', '2018-09-13 04:38:47', '2021-02-23 20:06:43');
INSERT INTO `profiles` (`user_id`, `media_id`, `gender`, `birthday`, `city`, `status`, `about_yourself`, `created_at`, `updated_at`) VALUES (87, 23, 'мужской', '1970-02-18', 'South Walker', 'Автор', 'A secret, kept from all the same, the next witness.\' And he added looking angrily at the cook, and a Long Tale They were indeed a queer-looking party that assembled on the top of his teacup instead.', '2013-07-05 11:03:39', '2020-10-11 16:23:56');
INSERT INTO `profiles` (`user_id`, `media_id`, `gender`, `birthday`, `city`, `status`, `about_yourself`, `created_at`, `updated_at`) VALUES (88, 148, 'женский', '1977-11-06', 'Veummouth', 'Читатель', 'I should like to have got in your pocket?\' he went on in these words: \'Yes, we went to school in the flurry of the jurors had a VERY turn-up nose, much more like a thunderstorm. \'A fine day, your.', '2016-10-24 21:36:20', '2020-10-04 21:14:11');
INSERT INTO `profiles` (`user_id`, `media_id`, `gender`, `birthday`, `city`, `status`, `about_yourself`, `created_at`, `updated_at`) VALUES (89, 23, 'мужской', '1991-02-17', 'South Juvenal', 'Автор', 'Alice thought to herself, in a bit.\' \'Perhaps it hasn\'t one,\' Alice ventured to ask. \'Suppose we change the subject. \'Ten hours the first to speak. \'What size do you mean by that?\' said the.', '2020-05-30 11:23:41', '2020-06-24 10:32:50');
INSERT INTO `profiles` (`user_id`, `media_id`, `gender`, `birthday`, `city`, `status`, `about_yourself`, `created_at`, `updated_at`) VALUES (90, 100, 'женский', '1970-10-16', 'Thompsonfort', 'Читатель', 'At last the Dodo replied very readily: \'but that\'s because it stays the same as they all crowded round her once more, while the rest of it altogether; but after a few minutes she heard a little.', '2020-11-28 19:40:36', '2020-04-22 00:48:13');
INSERT INTO `profiles` (`user_id`, `media_id`, `gender`, `birthday`, `city`, `status`, `about_yourself`, `created_at`, `updated_at`) VALUES (91, 2, 'мужской', '1989-05-18', 'Joaquinfort', 'Читатель', 'Alice. \'What IS a Caucus-race?\' said Alice; \'I daresay it\'s a set of verses.\' \'Are they in the same thing as a partner!\' cried the Mouse, sharply and very soon found an opportunity of taking it.', '2011-06-23 03:05:10', '2020-08-04 23:45:09');
INSERT INTO `profiles` (`user_id`, `media_id`, `gender`, `birthday`, `city`, `status`, `about_yourself`, `created_at`, `updated_at`) VALUES (92, 99, 'мужской', '2019-08-19', 'Arielleside', 'Читатель', 'Alice whispered, \'that it\'s done by everybody minding their own business!\' \'Ah, well! It means much the same height as herself; and when she turned away. \'Come back!\' the Caterpillar contemptuously..', '2016-11-25 14:41:44', '2020-10-28 00:49:18');
INSERT INTO `profiles` (`user_id`, `media_id`, `gender`, `birthday`, `city`, `status`, `about_yourself`, `created_at`, `updated_at`) VALUES (93, 140, 'женский', '1971-12-20', 'South Carol', 'Автор', 'But she waited for a little different. But if I\'m not the smallest notice of them say, \'Look out now, Five! Don\'t go splashing paint over me like that!\' By this time the Mouse with an M?\' said.', '2018-08-15 08:19:49', '2020-12-27 02:48:49');
INSERT INTO `profiles` (`user_id`, `media_id`, `gender`, `birthday`, `city`, `status`, `about_yourself`, `created_at`, `updated_at`) VALUES (94, 116, 'женский', '2004-05-05', 'Jerdeville', 'Автор', 'I BEG your pardon!\' cried Alice again, in a trembling voice:-- \'I passed by his face only, she would get up and down looking for the baby, and not to make it stop. \'Well, I\'d hardly finished the.', '2018-08-15 15:04:47', '2020-10-10 19:13:10');
INSERT INTO `profiles` (`user_id`, `media_id`, `gender`, `birthday`, `city`, `status`, `about_yourself`, `created_at`, `updated_at`) VALUES (95, 41, 'мужской', '2010-02-25', 'Turnerview', 'Читатель', 'Cat,\' said Alice: \'besides, that\'s not a bit hurt, and she tried the effect of lying down on their slates, \'SHE doesn\'t believe there\'s an atom of meaning in them, after all. \"--SAID I COULD NOT.', '2013-07-13 18:42:26', '2020-12-03 01:36:45');
INSERT INTO `profiles` (`user_id`, `media_id`, `gender`, `birthday`, `city`, `status`, `about_yourself`, `created_at`, `updated_at`) VALUES (96, 43, 'мужской', '1984-09-30', 'West Gracemouth', 'Автор', 'It\'s by far the most curious thing I ever saw one that size? Why, it fills the whole court was in the after-time, be herself a grown woman; and how she would keep, through all her wonderful.', '2013-08-19 19:07:19', '2021-03-19 07:00:22');
INSERT INTO `profiles` (`user_id`, `media_id`, `gender`, `birthday`, `city`, `status`, `about_yourself`, `created_at`, `updated_at`) VALUES (97, 67, 'мужской', '2001-11-12', 'Nicoport', 'Читатель', 'Alice, with a little startled by seeing the Cheshire Cat, she was now the right height to be.\' \'It is wrong from beginning to feel which way you go,\' said the Caterpillar; and it set to partners--\'.', '2019-03-08 13:46:10', '2020-06-16 02:44:03');
INSERT INTO `profiles` (`user_id`, `media_id`, `gender`, `birthday`, `city`, `status`, `about_yourself`, `created_at`, `updated_at`) VALUES (98, 135, 'женский', '2018-09-24', 'North Jana', 'Читатель', 'As for pulling me out of the guinea-pigs cheered, and was surprised to find my way into a chrysalis--you will some day, you know--and then after that into a graceful zigzag, and was delighted to.', '2016-07-16 00:17:06', '2020-09-24 18:10:36');
INSERT INTO `profiles` (`user_id`, `media_id`, `gender`, `birthday`, `city`, `status`, `about_yourself`, `created_at`, `updated_at`) VALUES (99, 73, 'женский', '2013-11-26', 'Spencerville', 'Автор', 'Hatter went on, yawning and rubbing its eyes, for it was only too glad to find that she had nibbled some more tea,\' the March Hare. \'Then it wasn\'t very civil of you to set about it; and the.', '2016-12-09 11:23:30', '2021-02-28 01:54:44');
INSERT INTO `profiles` (`user_id`, `media_id`, `gender`, `birthday`, `city`, `status`, `about_yourself`, `created_at`, `updated_at`) VALUES (100, 73, 'мужской', '1976-06-12', 'Roselynmouth', 'Читатель', 'Mock Turtle persisted. \'How COULD he turn them out with his head!\' or \'Off with his nose, and broke to pieces against one of the court. All this time it vanished quite slowly, beginning with the.', '2014-10-26 04:55:07', '2020-09-08 07:39:46');


-- Создаём временную таблицу форматов медиафайлов
CREATE TEMPORARY TABLE extensions (name VARCHAR(10));

-- Заполняем значениями
INSERT INTO extensions VALUES ('jpeg'), ('png');

-- Обновляем ссылку на файл
UPDATE media SET filename = CONCAT(
  'http://drive.google.com/livelib/',
  filename,
  '.',
  (SELECT name FROM extensions ORDER BY RAND() LIMIT 1)
);


-- Приводим в порядок временные метки
UPDATE posts SET updated_at = NOW() WHERE updated_at < created_at;  

UPDATE languages SET updated_at = NOW() WHERE updated_at < created_at;

UPDATE profiles SET updated_at = NOW() WHERE updated_at < created_at;

UPDATE statuses SET updated_at = NOW() WHERE updated_at < created_at;

UPDATE users SET updated_at = NOW() WHERE updated_at < created_at;

UPDATE media SET updated_at = NOW() WHERE updated_at < created_at;

UPDATE genres_list SET updated_at = NOW() WHERE updated_at < created_at;

UPDATE genres_books SET updated_at = NOW() WHERE updated_at < created_at;

UPDATE friendship_statuses SET updated_at = NOW() WHERE updated_at < created_at;

UPDATE friendship SET updated_at = NOW() WHERE updated_at < created_at;

UPDATE comments SET updated_at = NOW() WHERE updated_at < created_at;

UPDATE books_statuses SET updated_at = NOW() WHERE updated_at < created_at;

UPDATE books SET updated_at = NOW() WHERE updated_at < created_at;


